,BASE_DATE,ADM_DR_CD,ADM_DR_NM,시,umd2,sum_cnt,landslide,STORUNST,FROR_CD,FRTP_CD,KOFTR_GROU,DMCLS_CD,AGCLS_CD,DNST_CD,HEIGHT,LDMARK_STN,MAP_LABEL,ETC_PCMTT
0,20200630,3731033,부계면,군위군,군위군 부계면,0,0,1,2,1,11,2,4,C,12,J12111,NPD-24C,0
1,20200630,3731034,우보면,군위군,군위군 우보면,0,0,1,2,1,11,2,4,C,12,J12111,NPD-24C,0
2,20200630,3731036,산성면,군위군,군위군 산성면,0,0,1,2,1,11,2,4,C,12,J12111,NPD-24C,0
3,20200630,3707032,신녕면,영천시,영천시 신녕면,0,0,1,2,2,30,1,3,C,10,J12230,NEB-13C,0
4,20200630,3707033,화산면,영천시,영천시 화산면,0,0,1,2,2,30,1,3,C,10,J12230,NEB-13C,0
5,20200630,3731037,고로면,군위군,군위군 고로면,0,0,1,2,2,30,1,3,C,10,J12230,NEB-13C,0
6,20200630,3731031,소보면,군위군,군위군 소보면,0,0,1,2,1,11,2,4,C,12,J12111,NPD-24C,0
7,20200630,3732037,금성면,의성군,의성군 금성면,0,0,1,2,1,11,2,4,C,10,J12111,NPD-24C,0
8,20200630,3731011,군위읍,군위군,군위군 군위읍,0,0,1,2,1,11,2,4,C,12,J12111,NPD-24C,0
9,20200630,3731032,효령면,군위군,군위군 효령면,0,0,1,2,1,11,2,4,C,12,J12111,NPD-24C,0
10,20200630,3732041,단밀면,의성군,의성군 단밀면,0,0,1,1,1,14,2,5,C,12,J11114,APR-25C,0
11,20200630,3732043,안계면,의성군,의성군 안계면,0,0,1,2,1,11,2,5,C,10,J12111,NPD-25C,"b'\xbc\xd2\xb3\xaa\xb9\xab,\xb8\xae\xb1\xe2\xb4\xd9 \xc8\xa5\xbb\xfd'"
12,20200630,3732039,비안면,의성군,의성군 비안면,0,0,1,2,1,11,1,3,C,10,J12111,NPD-13C,0
13,20200630,3732034,사곡면,의성군,의성군 사곡면,0,0,1,2,1,11,1,3,C,12,J12111,NPD-13C,0
14,20200630,3732038,봉양면,의성군,의성군 봉양면,0,0,1,2,1,11,2,4,C,10,J12111,NPD-24C,0
15,20200630,3731035,의흥면,군위군,군위군 의흥면,0,0,1,2,1,11,2,4,C,12,J12111,NPD-24C,0
16,20200630,3732042,단북면,의성군,의성군 단북면,0,0,1,1,1,14,2,5,C,14,J11114,APR-25C,0
17,20200630,3732045,신평면,의성군,의성군 신평면,0,0,1,2,1,11,1,4,C,10,J12111,NPD-14C,0
18,20200630,3732047,안사면,의성군,의성군 안사면,0,0,1,2,1,11,1,4,C,10,J12111,NPD-14C,0
19,20200630,3732044,다인면,의성군,의성군 다인면,0,0,1,2,1,11,2,5,C,12,J12111,NPD-25C,b'2017\xbf\xb5\xbb\xf3\xc6\xc7\xb5\xb6'
20,20200630,3732046,안평면,의성군,의성군 안평면,0,0,1,2,1,11,1,3,C,10,J12111,NPD-13C,0
21,20200630,3732011,의성읍,의성군,의성군 의성읍,0,0,1,2,1,11,2,4,C,10,J12111,NPD-24C,0
22,20200630,3732032,점곡면,의성군,의성군 점곡면,0,0,1,2,1,11,3,6,C,14,J12111,NPD-36C,0
23,20200630,3732035,춘산면,의성군,의성군 춘산면,0,0,1,2,1,11,2,4,C,12,J12111,NPD-24C,0
24,20200630,3732036,가음면,의성군,의성군 가음면,0,0,1,2,1,11,2,4,C,12,J12111,NPD-24C,0
25,20200630,3733034,현서면,청송군,청송군 현서면,0,0,1,2,2,34,2,4,C,16,J12234,NQQ-24C,0
26,20200630,3733032,부남면,청송군,청송군 부남면,0,0,1,2,1,11,2,4,C,12,J12111,NPD-24C,0
27,20200630,3733011,청송읍,청송군,청송군 청송읍,0,0,1,2,1,11,2,5,C,12,J12111,NPD-25C,0
28,20200630,3733036,파천면,청송군,청송군 파천면,0,0,1,2,1,11,2,5,C,12,J12111,NPD-25C,b'2017\xbf\xb5\xbb\xf3\xc6\xc7\xb5\xb6'
29,20200630,3733038,주왕산면,청송군,청송군 주왕산면,0,0,1,2,2,32,1,4,C,16,J12232,NQM-14C,0
30,20200630,3733037,진보면,청송군,청송군 진보면,0,0,1,1,1,12,1,2,C,10,J11112,APK-12C,0
31,20200630,3734035,석보면,영양군,영양군 석보면,2,1,1,2,1,11,2,4,C,12,J12111,NPD-24C,0
32,20200630,3735031,강구면,영덕군,영덕군 강구면,27,1,1,1,1,14,1,2,B,4,J11114,APR-12B,0
33,20200630,3735011,영덕읍,영덕군,영덕군 영덕읍,49,1,1,2,1,11,1,4,C,8,J12111,NPD-14C,0
34,20200630,3735035,축산면,영덕군,영덕군 축산면,19,1,1,2,1,11,1,4,C,8,J12111,NPD-14C,0
35,20200630,3735033,달산면,영덕군,영덕군 달산면,30,1,1,2,1,11,2,4,C,8,J12111,NPD-24C,b'2017\xbf\xb5\xbb\xf3\xc6\xc7\xb5\xb6'
36,20200630,3735032,남정면,영덕군,영덕군 남정면,16,1,1,2,2,30,2,5,C,14,J12230,NEB-25C,0
37,20200630,3735034,지품면,영덕군,영덕군 지품면,23,1,1,2,2,30,2,5,C,14,J12230,NEB-25C,0
38,20200630,3735036,영해면,영덕군,영덕군 영해면,24,1,1,2,2,30,2,5,C,14,J12230,NEB-25C,0
39,20200630,3734031,입암면,영양군,영양군 입암면,0,0,1,2,1,11,2,4,C,10,J12111,NPD-24C,0
40,20200630,3734011,영양읍,영양군,영양군 영양읍,8,1,1,2,1,11,2,5,C,10,J12111,NPD-25C,0
41,20200630,3734033,일월면,영양군,영양군 일월면,1,1,1,2,2,32,3,6,C,14,J12232,NQM-36C,0
42,20200630,3734034,수비면,영양군,영양군 수비면,0,0,1,2,2,34,2,4,C,18,J12234,NQQ-24C,0
43,20200630,3734032,청기면,영양군,영양군 청기면,0,0,1,2,2,34,2,5,C,16,J12234,NQQ-25C,0
44,20200630,3741037,재산면,봉화군,봉화군 재산면,0,0,1,2,2,34,2,5,C,16,J12234,NQQ-25C,0
45,20200630,3735038,창수면,영덕군,영덕군 창수면,69,1,1,1,1,11,0,1,A,0,J11111,APD-01A,"b'2017\xbf\xb5\xbb\xf3\xc6\xc7\xb5\xb6(2014\xb3\xe2 \xb3\xab\xbf\xb1\xbc\xdb, \xc7\xea\xb0\xb3\xb3\xaa\xb9\xab \xc1\xb6\xb8\xb2)'"
46,20200630,3735037,병곡면,영덕군,영덕군 병곡면,62,1,1,2,1,11,1,4,C,12,J12111,NPD-14C,0
47,20200630,3736031,각남면,청도군,청도군 각남면,0,0,1,2,1,11,2,4,C,14,J12111,NPD-24C,0
48,20200630,3736011,화양읍,청도군,청도군 화양읍,1,1,1,2,2,34,2,5,C,14,J12234,NQQ-25C,0
49,20200630,3736033,각북면,청도군,청도군 각북면,0,0,1,2,1,11,2,4,C,14,J12111,NPD-24C,0
50,20200630,3736032,풍각면,청도군,청도군 풍각면,0,0,1,2,1,11,2,4,C,16,J12111,NPD-24C,0
51,20200630,3736035,운문면,청도군,청도군 운문면,1,1,1,2,2,34,2,5,C,14,J12234,NQQ-25C,0
52,20200630,3736012,청도읍,청도군,청도군 청도읍,5,1,1,2,1,11,2,4,C,14,J12111,NPD-24C,0
53,20200630,3736036,금천면,청도군,청도군 금천면,0,0,1,2,2,34,2,5,C,14,J12234,NQQ-25C,0
54,20200630,3710034,남산면,경산시,경산시 남산면,0,0,1,2,2,34,2,5,C,14,J12234,NQQ-25C,0
55,20200630,3736037,매전면,청도군,청도군 매전면,6,1,1,2,2,34,2,5,C,14,J12234,NQQ-25C,0
56,20200630,3702034,산내면,경주시,경주시 산내면,0,0,1,2,2,34,2,4,C,14,J12234,NQQ-24C,0
57,20200630,3737012,대가야읍,고령군,고령군 대가야읍,5,1,1,2,1,11,2,4,C,10,J12111,NPD-24C,0
58,20200630,3737037,쌍림면,고령군,고령군 쌍림면,2,1,1,2,1,11,2,4,C,10,J12111,NPD-24C,0
59,20200630,3737033,성산면,고령군,고령군 성산면,0,0,1,1,3,77,0,1,A,0,J11377,AMM-01A,b'2018\xbb\xe7\xc0\xaf\xb8\xb2_\xbd\xa3\xb0\xa1\xb2\xd9\xb1\xe2(\xc1\xb6\xb8\xb2\xc1\xf6\xb0\xa1\xb2\xd9\xb1\xe2)'
60,20200630,3737035,개진면,고령군,고령군 개진면,0,0,1,1,3,77,0,1,A,0,J11377,AMM-01A,b'2018\xbb\xe7\xc0\xaf\xb8\xb2_\xbd\xa3\xb0\xa1\xb2\xd9\xb1\xe2(\xc1\xb6\xb8\xb2\xc1\xf6\xb0\xa1\xb2\xd9\xb1\xe2)'
61,20200630,3737032,운수면,고령군,고령군 운수면,0,0,1,2,1,11,2,4,C,12,J12111,NPD-24C,0
62,20200630,3737036,우곡면,고령군,고령군 우곡면,1,1,1,2,1,11,2,4,C,14,J12111,NPD-24C,0
63,20200630,3738032,용암면,성주군,성주군 용암면,4,1,1,2,2,34,1,4,C,14,J12234,NQQ-14C,b'2017\xbf\xb5\xbb\xf3\xc6\xc7\xb5\xb6'
64,20200630,3737034,다산면,고령군,고령군 다산면,0,0,2,0,0,81,0,0,0,0,J20081,N,0
65,20200630,3738036,대가면,성주군,성주군 대가면,5,1,1,2,1,11,1,4,C,12,J12111,NPD-14C,0
66,20200630,3738037,벽진면,성주군,성주군 벽진면,5,1,1,2,1,11,1,4,C,12,J12111,NPD-14C,0
67,20200630,3738011,성주읍,성주군,성주군 성주읍,3,1,1,2,2,30,2,4,C,14,J12230,NEB-24C,0
68,20200630,3738034,가천면,성주군,성주군 가천면,12,1,1,2,2,34,1,4,C,10,J12234,NQQ-14C,0
69,20200630,3738035,금수면,성주군,성주군 금수면,14,1,1,2,2,34,1,4,C,10,J12234,NQQ-14C,0
70,20200630,3703039,조마면,김천시,김천시 조마면,20,1,1,2,2,34,2,4,C,12,J12234,NQQ-24C,0
71,20200630,3703031,농소면,김천시,김천시 농소면,4,1,1,2,1,11,1,4,C,12,J12111,NPD-14C,0
72,20200630,3738031,선남면,성주군,성주군 선남면,1,1,1,2,2,30,2,4,C,14,J12230,NEB-24C,0
73,20200630,3738038,초전면,성주군,성주군 초전면,0,0,1,2,2,34,2,4,C,14,J12234,NQQ-24C,0
74,20200630,3738039,월항면,성주군,성주군 월항면,0,0,1,2,2,34,2,4,C,14,J12234,NQQ-24C,0
75,20200630,3739012,북삼읍,칠곡군,칠곡군 북삼읍,0,0,1,2,2,34,2,4,C,14,J12234,NQQ-24C,0
76,20200630,3739031,지천면,칠곡군,칠곡군 지천면,0,0,1,1,1,11,1,2,B,10,J11111,APD-12B,b'2017\xbb\xe7\xc0\xaf\xb8\xb2_\xc1\xb6\xb8\xb2(\xb9\xfe\xb3\xaa\xb9\xab)(\xb8\xb6\xb0\xa1\xb8\xf1)'
77,20200630,3739032,동명면,칠곡군,칠곡군 동명면,0,0,1,1,1,11,1,2,B,10,J11111,APD-12B,b'2017\xbb\xe7\xc0\xaf\xb8\xb2_\xc1\xb6\xb8\xb2(\xb9\xfe\xb3\xaa\xb9\xab)(\xb8\xb6\xb0\xa1\xb8\xf1)'
78,20200630,3739011,왜관읍,칠곡군,칠곡군 왜관읍,0,0,1,2,1,11,2,4,C,12,J12111,NPD-24C,b'2017\xbf\xb5\xbb\xf3\xc6\xc7\xb5\xb6'
79,20200630,3739013,석적읍,칠곡군,칠곡군 석적읍,0,0,1,2,1,11,2,5,C,14,J12111,NPD-25C,0
80,20200630,3739036,약목면,칠곡군,칠곡군 약목면,0,0,1,2,2,30,2,4,C,12,J12230,NEB-24C,0
81,20200630,3739037,기산면,칠곡군,칠곡군 기산면,0,0,1,2,2,30,2,5,C,12,J12230,NEB-25C,0
82,20200630,3740041,풍양면,예천군,예천군 풍양면,0,0,1,2,1,11,2,5,C,12,J12111,NPD-25C,b'2017\xbf\xb5\xbb\xf3\xc6\xc7\xb5\xb6'
83,20200630,3740040,지보면,예천군,예천군 지보면,0,0,1,2,1,11,2,5,C,10,J12111,NPD-25C,0
84,20200630,3740036,호명면,예천군,예천군 호명면,0,0,1,2,1,11,2,5,C,12,J12111,NPD-25C,0
85,20200630,3740011,예천읍,예천군,예천군 예천읍,0,0,1,2,1,11,2,5,C,12,J12111,NPD-25C,0
86,20200630,3740037,유천면,예천군,예천군 유천면,1,1,1,2,1,11,2,5,C,12,J12111,NPD-25C,0
87,20200630,3740039,개포면,예천군,예천군 개포면,0,0,1,2,1,11,2,5,C,14,J12111,NPD-25C,0
88,20200630,3740038,용궁면,예천군,예천군 용궁면,0,0,1,2,1,11,2,5,C,14,J12111,NPD-25C,b'2017\xbf\xb5\xbb\xf3\xc6\xc7\xb5\xb6'
89,20200630,3740043,은풍면,예천군,예천군 은풍면,0,0,1,2,2,34,2,4,C,16,J12234,NQQ-24C,0
90,20200630,3740035,보문면,예천군,예천군 보문면,0,0,1,2,2,34,2,4,C,14,J12234,NQQ-24C,0
91,20200630,3740034,감천면,예천군,예천군 감천면,0,0,1,2,1,11,2,5,C,12,J12111,NPD-25C,0
92,20200630,3709035,동로면,문경시,문경시 동로면,0,0,1,2,2,32,2,4,C,18,J12232,NQM-24C,"b'\xb3\xab\xbf\xb1\xbc\xdb, \xbc\xd2\xb3\xaa\xb9\xab \xc8\xa5\xc0\xe7'"
93,20200630,3740042,효자면,예천군,예천군 효자면,0,0,1,2,2,32,2,4,C,18,J12232,NQM-24C,"b'\xb3\xab\xbf\xb1\xbc\xdb, \xbc\xd2\xb3\xaa\xb9\xab \xc8\xa5\xc0\xe7'"
94,20200630,3740031,용문면,예천군,예천군 용문면,0,0,1,2,2,34,2,4,C,20,J12234,NQQ-24C,0
95,20200630,3706031,이산면,영주시,영주시 이산면,0,0,1,1,2,30,0,1,A,0,J11230,AEB-01A,"b'2018\xbb\xe7\xc0\xaf\xb8\xb2_\xc1\xb6\xb8\xb2(\xbb\xea\xba\xa2\xb3\xaa\xb9\xab,\xbe\xc6\xb1\xee\xbd\xc3\xb3\xaa\xb9\xab,\xc0\xbd\xb3\xaa\xb9\xab,\xb3\xab\xbf\xb1\xbc\xdb,\xc0\xbd\xb3\xaa\xb9\xab)'"
96,20200630,3706051,상망동,영주시,영주시 상망동,0,0,1,2,1,11,2,4,C,10,J12111,NPD-24C,0
97,20200630,3741011,봉화읍,봉화군,봉화군 봉화읍,0,0,1,2,1,11,2,4,C,10,J12111,NPD-24C,0
98,20200630,3741033,법전면,봉화군,봉화군 법전면,0,0,1,2,1,11,2,4,C,12,J12111,NPD-24C,0
99,20200630,3741039,상운면,봉화군,봉화군 상운면,0,0,1,2,1,11,2,5,C,10,J12111,NPD-25C,b'2017\xbf\xb5\xbb\xf3\xc6\xc7\xb5\xb6'
100,20200630,3741038,명호면,봉화군,봉화군 명호면,0,0,1,2,2,34,2,4,C,14,J12234,NQQ-24C,0
101,20200630,3741035,소천면,봉화군,봉화군 소천면,0,0,1,2,2,34,2,5,C,18,J12234,NQQ-25C,0
102,20200630,3741031,물야면,봉화군,봉화군 물야면,0,0,1,2,2,34,2,4,C,14,J12234,NQQ-24C,0
103,20200630,3741034,춘양면,봉화군,봉화군 춘양면,0,0,1,2,2,34,2,4,C,14,J12234,NQQ-24C,0
104,20200630,3741032,봉성면,봉화군,봉화군 봉성면,0,0,1,2,1,11,2,5,C,12,J12111,NPD-25C,0
105,20200630,3741036,석포면,봉화군,봉화군 석포면,0,0,1,2,2,34,2,5,C,16,J12234,NQQ-25C,0
106,20200630,3742039,금강송면,울진군,울진군 금강송면,6,1,1,2,2,34,2,5,C,16,J12234,NQQ-25C,0
107,20200630,3742035,기성면,울진군,울진군 기성면,34,1,1,1,1,11,0,1,A,0,J11111,APD-01A,b'2017\xbb\xe7\xc0\xaf\xb8\xb2_\xbd\xa3\xb0\xa1\xb2\xd9\xb1\xe2'
108,20200630,3742040,매화면,울진군,울진군 매화면,45,1,1,1,1,11,0,1,A,0,J11111,APD-01A,b'2017\xbb\xe7\xc0\xaf\xb8\xb2_\xbd\xa3\xb0\xa1\xb2\xd9\xb1\xe2'
109,20200630,3742038,후포면,울진군,울진군 후포면,7,1,1,2,1,11,1,4,C,12,J12111,NPD-14C,b'2017\xbf\xb5\xbb\xf3\xc6\xc7\xb5\xb6'
110,20200630,3742012,평해읍,울진군,울진군 평해읍,2,1,1,2,1,11,3,6,C,12,J12111,NPD-36C,0
111,20200630,3742036,온정면,울진군,울진군 온정면,16,1,1,2,2,32,1,4,C,18,J12232,NQM-14C,0
112,20200630,3742033,근남면,울진군,울진군 근남면,41,1,1,2,1,11,2,4,C,10,J12111,NPD-24C,0
113,20200630,3742031,북면,울진군,울진군 북면,25,1,1,2,1,11,2,5,C,12,J12111,NPD-25C,0
114,20200630,3742011,울진읍,울진군,울진군 울진읍,36,1,1,2,1,11,3,6,C,10,J12111,NPD-36C,0
115,20200630,3742037,죽변면,울진군,울진군 죽변면,7,1,1,2,1,11,3,6,C,10,J12111,NPD-36C,0
116,20200630,3743011,울릉읍,울릉군,울릉군 울릉읍,1,1,1,2,2,30,1,5,C,16,J12230,NEB-15C,0
117,20200630,3743032,북면,울릉군,울릉군 북면,2,1,1,2,2,30,1,5,C,16,J12230,NEB-15C,0
118,20200630,3743031,서면,울릉군,울릉군 서면,0,0,1,2,2,30,2,6,C,12,J12230,NEB-26C,0
119,20200630,3701132,동해면,포항시 남구,포항시 남구 동해면,0,0,1,2,1,15,1,3,C,0,J12115,NPT-13C,b'\xbc\xf6\xb0\xed\xc3\xf8\xc1\xa4\xba\xd2\xb0\xa1\xc1\xf6\xbf\xaa'
120,20200630,3701156,청림동,포항시 남구,포항시 남구 청림동,0,0,1,2,1,15,1,3,C,0,J12115,NPT-13C,b'\xbc\xf6\xb0\xed\xc3\xf8\xc1\xa4\xba\xd2\xb0\xa1\xc1\xf6\xbf\xaa'
121,20200630,3701112,연일읍,포항시 남구,포항시 남구 연일읍,2,1,1,2,1,15,2,4,C,12,J12115,NPT-24C,0
122,20200630,3701155,송도동,포항시 남구,포항시 남구 송도동,0,0,1,2,1,15,2,5,C,14,J12115,NPT-25C,0
123,20200630,3701135,호미곶면,포항시 남구,포항시 남구 호미곶면,0,0,1,2,2,30,1,2,B,10,J12230,NEB-12B,0
124,20200630,3701113,오천읍,포항시 남구,포항시 남구 오천읍,0,0,1,2,2,30,2,4,C,14,J12230,NEB-24C,b'2017\xbf\xb5\xbb\xf3\xc6\xc7\xb5\xb6'
125,20200630,3701131,대송면,포항시 남구,포항시 남구 대송면,1,1,1,2,2,30,2,4,C,14,J12230,NEB-24C,b'2017\xbf\xb5\xbb\xf3\xc6\xc7\xb5\xb6'
126,20200630,3701159,대이동,포항시 남구,포항시 남구 대이동,0,0,1,2,2,30,2,4,C,16,J12230,NEB-24C,0
127,20200630,3701133,장기면,포항시 남구,포항시 남구 장기면,1,1,1,2,2,30,2,5,C,18,J12230,NEB-25C,0
128,20200630,3701158,효곡동,포항시 남구,포항시 남구 효곡동,0,0,1,2,3,77,2,4,C,12,J12377,NMM-24C,0
129,20200630,3701157,제철동,포항시 남구,포항시 남구 제철동,1,1,2,0,0,82,0,0,0,0,J20082,R,0
130,20200630,3701111,구룡포읍,포항시 남구,포항시 남구 구룡포읍,0,0,2,0,0,82,0,0,0,0,J20082,R,0
131,20200630,3701236,기북면,포항시 북구,포항시 북구 기북면,2,1,1,2,1,11,2,5,C,14,J12111,NPD-25C,0
132,20200630,3701234,기계면,포항시 북구,포항시 북구 기계면,6,1,2,0,0,81,0,0,0,0,J20081,N,0
133,20200630,3701235,죽장면,포항시 북구,포항시 북구 죽장면,2,1,1,2,2,36,1,3,B,10,J12236,NAG-13B,0
134,20200630,3733033,현동면,청송군,청송군 현동면,0,0,1,2,2,36,1,3,B,10,J12236,NAG-13B,0
135,20200630,3701265,장량동,포항시 북구,포항시 북구 장량동,2,1,1,1,1,15,1,2,B,10,J11115,APT-12B,0
136,20200630,3701211,흥해읍,포항시 북구,포항시 북구 흥해읍,3,1,1,1,2,44,1,2,B,10,J11244,ALT-12B,0
137,20200630,3701232,청하면,포항시 북구,포항시 북구 청하면,4,1,1,1,2,44,1,2,B,10,J11244,ALT-12B,0
138,20200630,3701231,신광면,포항시 북구,포항시 북구 신광면,2,1,1,1,3,77,1,2,B,10,J11377,AMM-12B,b'\xbc\xd2\xb3\xaa\xb9\xab \xb1\xbc\xc2\xfc\xb3\xaa\xb9\xab'
139,20200630,3702037,강동면,경주시,경주시 강동면,2,1,1,1,3,77,1,2,B,10,J11377,AMM-12B,b'\xbc\xd2\xb3\xaa\xb9\xab \xb1\xbc\xc2\xfc\xb3\xaa\xb9\xab'
140,20200630,3701264,두호동,포항시 북구,포항시 북구 두호동,0,0,1,2,1,11,2,4,C,14,J12111,NPD-24C,PT ?
141,20200630,3701263,우창동,포항시 북구,포항시 북구 우창동,5,1,1,2,1,11,2,5,C,10,J12111,NPD-25C,0
142,20200630,3701266,환여동,포항시 북구,포항시 북구 환여동,1,1,1,2,1,15,2,4,C,12,J12115,NPT-24C,0
143,20200630,3701258,양학동,포항시 북구,포항시 북구 양학동,1,1,1,2,1,15,2,4,C,16,J12115,NPT-24C,0
144,20200630,3701261,용흥동,포항시 북구,포항시 북구 용흥동,3,1,1,2,1,15,2,4,C,16,J12115,NPT-24C,0
145,20200630,3701267,중앙동,포항시 북구,포항시 북구 중앙동,1,1,1,2,2,30,0,1,A,4,J12230,NEB-01A,0
146,20200630,3701233,송라면,포항시 북구,포항시 북구 송라면,3,1,1,2,2,33,1,4,C,10,J12233,NQV-14C,b'2017\xbf\xb5\xbb\xf3\xc6\xc7\xb5\xb6'
147,20200630,3702033,내남면,경주시,경주시 내남면,1,1,1,2,2,34,2,5,C,14,J12234,NQQ-25C,0
148,20200630,3702013,건천읍,경주시,경주시 건천읍,2,1,1,2,3,77,2,5,C,16,J12377,NMM-25C,0
149,20200630,3702066,불국동,경주시,경주시 불국동,1,1,1,2,1,11,1,3,C,10,J12111,NPD-13C,0
150,20200630,3702011,감포읍,경주시,경주시 감포읍,3,1,1,2,1,11,2,4,C,12,J12111,NPD-24C,0
151,20200630,3702031,양북면,경주시,경주시 양북면,5,1,1,2,1,11,2,4,C,12,J12111,NPD-24C,0
152,20200630,3702058,월성동,경주시,경주시 월성동,0,0,1,2,1,11,2,5,C,16,J12111,NPD-25C,0
153,20200630,3702014,외동읍,경주시,경주시 외동읍,4,1,1,2,2,34,2,4,C,14,J12234,NQQ-24C,0
154,20200630,3702032,양남면,경주시,경주시 양남면,2,1,1,2,3,77,1,3,C,12,J12377,NMM-13C,0
155,20200630,3702012,안강읍,경주시,경주시 안강읍,0,0,1,2,1,11,1,3,C,0,J12111,NPD-13C,b'\xbc\xf6\xb0\xed\xc3\xf8\xc1\xa4\xba\xd2\xb0\xa1\xc1\xf6\xbf\xaa'
156,20200630,3702069,황남동,경주시,경주시 황남동,0,0,1,2,1,11,1,3,C,10,J12111,NPD-13C,0
157,20200630,3702055,성건동,경주시,경주시 성건동,0,0,1,2,1,15,2,4,C,16,J12115,NPT-24C,0
158,20200630,3702063,황성동,경주시,경주시 황성동,0,0,1,2,2,31,3,9,C,24,J12231,NQA-39C,0
159,20200630,3702036,현곡면,경주시,경주시 현곡면,0,0,1,2,2,32,2,5,C,16,J12232,NQM-25C,0
160,20200630,3702035,서면,경주시,경주시 서면,0,0,1,2,2,34,2,5,C,16,J12234,NQQ-25C,0
161,20200630,3702059,선도동,경주시,경주시 선도동,1,1,2,0,0,81,0,0,0,0,J20081,N,b'\xbb\xea\xba\xd2\xc7\xc7\xc7\xd8\xc1\xf6\xbf\xaa'
162,20200630,3702064,동천동,경주시,경주시 동천동,1,1,1,1,1,15,0,1,A,0,J11115,APT-01A,b'2010\xb3\xe2 \xc7\xd8\xbc\xdb \xc1\xb6\xb8\xb2 2010\xb3\xe2 \xba\xa2\xb3\xaa\xb9\xab \xc1\xb6\xb8\xb2'
163,20200630,3702038,천북면,경주시,경주시 천북면,0,0,1,2,1,11,2,4,C,14,J12111,NPD-24C,b'2017\xbf\xb5\xbb\xf3\xc6\xc7\xb5\xb6'
164,20200630,3702067,보덕동,경주시,경주시 보덕동,0,0,1,2,1,11,2,4,C,14,J12111,NPD-24C,b'2017\xbf\xb5\xbb\xf3\xc6\xc7\xb5\xb6'
165,20200630,3702062,용강동,경주시,경주시 용강동,0,0,1,2,1,11,2,5,C,16,J12111,NPD-25C,0
166,20200630,3703041,지례면,김천시,김천시 지례면,5,1,1,1,1,12,1,2,C,10,J11112,APK-12C,"b'2017\xbf\xb5\xbb\xf3\xc6\xc7\xb5\xb6, 2006\xb3\xe2 \xc1\xb6\xb8\xb2 \xc0\xe3 2-2, 2-2-3, \xb4\xeb\xb9\xa6, 7\xb3\xe2\xbb\xfd\xc0\xcc\xbb\xf3'"
167,20200630,3703042,부항면,김천시,김천시 부항면,1,1,1,2,2,34,2,5,C,22,J12234,NQQ-25C,b'2017\xbf\xb5\xbb\xf3\xc6\xc7\xb5\xb6'
168,20200630,3703043,대덕면,김천시,김천시 대덕면,2,1,1,2,2,34,2,5,C,22,J12234,NQQ-25C,b'2017\xbf\xb5\xbb\xf3\xc6\xc7\xb5\xb6'
169,20200630,3703044,증산면,김천시,김천시 증산면,5,1,1,2,2,34,2,4,C,14,J12234,NQQ-24C,0
170,20200630,3703037,대항면,김천시,김천시 대항면,9,1,1,2,2,34,1,3,C,12,J12234,NQQ-13C,0
171,20200630,3703040,구성면,김천시,김천시 구성면,8,1,1,2,2,34,1,3,C,12,J12234,NQQ-13C,0
172,20200630,3703036,봉산면,김천시,김천시 봉산면,0,0,1,2,2,34,2,4,C,14,J12234,NQQ-24C,0
173,20200630,3703038,감천면,김천시,김천시 감천면,0,0,1,1,1,14,2,5,C,12,J11114,APR-25C,0
174,20200630,3703059,지좌동,김천시,김천시 지좌동,0,0,1,1,1,14,2,5,C,12,J11114,APR-25C,0
175,20200630,3703062,율곡동,김천시,김천시 율곡동,0,0,1,1,2,49,2,4,C,12,J11249,ARP-24C,0
176,20200630,3703056,대신동,김천시,김천시 대신동,2,1,1,2,1,11,2,4,C,10,J12111,NPD-24C,0
177,20200630,3703011,아포읍,김천시,김천시 아포읍,0,0,1,2,1,11,2,4,C,12,J12111,NPD-24C,0
178,20200630,3703060,자산동,김천시,김천시 자산동,0,0,1,2,2,30,2,4,C,10,J12230,NEB-24C,0
179,20200630,3703061,평화남산동,김천시,김천시 평화남산동,1,1,1,2,2,30,2,5,C,14,J12230,NEB-25C,0
180,20200630,3703055,양금동,김천시,김천시 양금동,0,0,1,2,2,30,2,5,C,14,J12230,NEB-25C,0
181,20200630,3703058,대곡동,김천시,김천시 대곡동,2,1,1,2,2,30,2,5,C,14,J12230,NEB-25C,0
182,20200630,3703033,개령면,김천시,김천시 개령면,0,0,1,2,1,11,2,5,C,12,J12111,NPD-25C,0
183,20200630,3703034,감문면,김천시,김천시 감문면,0,0,1,2,1,11,2,5,C,14,J12111,NPD-25C,0
184,20200630,3703035,어모면,김천시,김천시 어모면,1,1,1,2,2,34,2,4,C,16,J12234,NQQ-24C,0
185,20200630,3703032,남면,김천시,김천시 남면,0,0,1,2,2,34,2,5,C,12,J12234,NQQ-25C,0
186,20200630,3705057,선주원남동,구미시,구미시 선주원남동,0,0,1,2,2,34,2,5,C,12,J12234,NQQ-25C,0
187,20200630,3704034,풍천면,안동시,안동시 풍천면,0,0,1,2,1,11,1,4,C,10,J12111,NPD-14C,0
188,20200630,3704036,남후면,안동시,안동시 남후면,0,0,1,2,1,11,1,3,C,8,J12111,NPD-13C,b'2017\xbf\xb5\xbb\xf3\xc6\xc7\xb5\xb6'
189,20200630,3704035,일직면,안동시,안동시 일직면,0,0,1,2,1,11,2,5,C,12,J12111,NPD-25C,0
190,20200630,3732031,단촌면,의성군,의성군 단촌면,0,0,1,2,1,11,2,5,C,12,J12111,NPD-25C,0
191,20200630,3733035,안덕면,청송군,청송군 안덕면,1,1,1,2,2,32,2,5,C,20,J12232,NQM-25C,0
192,20200630,3704037,남선면,안동시,안동시 남선면,0,0,1,2,1,11,1,3,C,10,J12111,NPD-13C,b'2017\xbf\xb5\xbb\xf3\xc6\xc7\xb5\xb6'
193,20200630,3704039,길안면,안동시,안동시 길안면,0,0,1,2,1,11,1,5,C,12,J12111,NPD-15C,0
194,20200630,3732033,옥산면,의성군,의성군 옥산면,0,0,1,2,1,11,1,5,C,12,J12111,NPD-15C,0
195,20200630,3704063,강남동,안동시,안동시 강남동,0,0,1,2,1,11,1,5,C,14,J12111,NPD-15C,b'2017\xbf\xb5\xbb\xf3\xc6\xc7\xb5\xb6'
196,20200630,3704054,용상동,안동시,안동시 용상동,0,0,1,2,1,11,1,5,C,14,J12111,NPD-15C,b'2017\xbf\xb5\xbb\xf3\xc6\xc7\xb5\xb6'
197,20200630,3704038,임하면,안동시,안동시 임하면,0,0,1,2,1,11,2,5,C,10,J12111,NPD-25C,b'2017\xbf\xb5\xbb\xf3\xc6\xc7\xb5\xb6'
198,20200630,3704011,풍산읍,안동시,안동시 풍산읍,0,0,1,2,1,11,1,3,C,10,J12111,NPD-13C,0
199,20200630,3704051,중구동,안동시,안동시 중구동,0,0,1,2,1,11,1,3,C,12,J12111,NPD-13C,b'2017\xbf\xb5\xbb\xf3\xc6\xc7\xb5\xb6'
200,20200630,3704052,명륜동,안동시,안동시 명륜동,0,0,1,2,1,11,1,3,C,12,J12111,NPD-13C,b'2017\xbf\xb5\xbb\xf3\xc6\xc7\xb5\xb6'
201,20200630,3704059,안기동,안동시,안동시 안기동,0,0,1,2,1,11,1,5,C,10,J12111,NPD-15C,0
202,20200630,3704032,북후면,안동시,안동시 북후면,0,0,1,2,1,11,1,5,C,12,J12111,NPD-15C,0
203,20200630,3704033,서후면,안동시,안동시 서후면,0,0,1,2,1,11,1,5,C,12,J12111,NPD-15C,0
204,20200630,3704056,태화동,안동시,안동시 태화동,0,0,1,2,2,34,2,4,C,18,J12234,NQQ-24C,b'2017\xbf\xb5\xbb\xf3\xc6\xc7\xb5\xb6'
205,20200630,3704060,옥동,안동시,안동시 옥동,0,0,1,2,2,34,2,4,C,18,J12234,NQQ-24C,b'2017\xbf\xb5\xbb\xf3\xc6\xc7\xb5\xb6'
206,20200630,3704058,평화동,안동시,안동시 평화동,0,0,1,2,2,34,2,4,C,20,J12234,NQQ-24C,b'2017\xbf\xb5\xbb\xf3\xc6\xc7\xb5\xb6'
207,20200630,3704062,서구동,안동시,안동시 서구동,0,0,1,2,2,34,2,4,C,20,J12234,NQQ-24C,0
208,20200630,3704061,송하동,안동시,안동시 송하동,0,0,1,2,3,77,2,3,C,0,J12377,NMM-23C,b'\xbc\xf6\xb0\xed\xc3\xf8\xc1\xa4\xba\xd2\xb0\xa1\xc1\xf6\xbf\xaa'
209,20200630,3704031,와룡면,안동시,안동시 와룡면,0,0,1,2,1,11,1,3,C,12,J12111,NPD-13C,b'2017\xbf\xb5\xbb\xf3\xc6\xc7\xb5\xb6'
210,20200630,3704040,임동면,안동시,안동시 임동면,0,0,1,2,1,11,1,3,C,12,J12111,NPD-13C,0
211,20200630,3704041,예안면,안동시,안동시 예안면,0,0,1,2,1,11,1,3,C,12,J12111,NPD-13C,0
212,20200630,3704043,녹전면,안동시,안동시 녹전면,0,0,1,2,1,11,1,3,C,12,J12111,NPD-13C,0
213,20200630,3704042,도산면,안동시,안동시 도산면,0,0,1,2,2,34,2,4,C,12,J12234,NQQ-24C,0
214,20200630,3705032,옥성면,구미시,구미시 옥성면,2,1,1,2,2,30,2,5,C,14,J12230,NEB-25C,0
215,20200630,3705051,송정동,구미시,구미시 송정동,0,0,1,2,1,11,2,4,C,12,J12111,NPD-24C,0
216,20200630,3705059,형곡1동,구미시,구미시 형곡1동,0,0,1,2,1,11,2,4,C,12,J12111,NPD-24C,0
217,20200630,3705066,광평동,구미시,구미시 광평동,0,0,1,2,1,11,2,4,C,12,J12111,NPD-24C,0
218,20200630,3739033,가산면,칠곡군,칠곡군 가산면,0,0,1,2,1,11,2,4,C,12,J12111,NPD-24C,0
219,20200630,3705072,양포동,구미시,구미시 양포동,0,0,1,2,1,11,2,5,C,12,J12111,NPD-25C,0
220,20200630,3705055,도량동,구미시,구미시 도량동,0,0,1,2,1,11,2,5,C,12,J12111,NPD-25C,0
221,20200630,3705056,지산동,구미시,구미시 지산동,0,0,1,2,1,11,2,5,C,12,J12111,NPD-25C,0
222,20200630,3705012,고아읍,구미시,구미시 고아읍,3,1,1,2,1,11,2,5,C,12,J12111,NPD-25C,0
223,20200630,3705060,형곡2동,구미시,구미시 형곡2동,0,0,1,2,1,11,2,5,C,14,J12111,NPD-25C,0
224,20200630,3705067,상모사곡동,구미시,구미시 상모사곡동,0,0,1,2,1,11,2,5,C,14,J12111,NPD-25C,0
225,20200630,3705036,장천면,구미시,구미시 장천면,0,0,1,2,1,11,2,5,C,14,J12111,NPD-25C,0
226,20200630,3705070,인동동,구미시,구미시 인동동,1,1,1,2,1,11,2,5,C,14,J12111,NPD-25C,0
227,20200630,3705052,원평1동,구미시,구미시 원평1동,0,0,1,2,1,11,3,6,B,18,J12111,NPD-36B,0
228,20200630,3705069,임오동,구미시,구미시 임오동,0,0,1,2,2,30,2,4,C,12,J12230,NEB-24C,0
229,20200630,3705061,신평1동,구미시,구미시 신평1동,0,0,1,2,2,30,2,4,C,12,J12230,NEB-24C,0
230,20200630,3705062,신평2동,구미시,구미시 신평2동,0,0,1,2,2,30,2,4,C,12,J12230,NEB-24C,0
231,20200630,3705064,공단1동,구미시,구미시 공단1동,0,0,1,2,2,30,2,5,C,10,J12230,NEB-25C,0
232,20200630,3705071,진미동,구미시,구미시 진미동,0,0,1,2,2,30,2,5,C,10,J12230,NEB-25C,0
233,20200630,3705063,비산동,구미시,구미시 비산동,0,0,1,2,3,77,2,5,C,14,J12377,NMM-25C,0
234,20200630,3705011,선산읍,구미시,구미시 선산읍,2,1,1,2,1,11,2,4,C,10,J12111,NPD-24C,0
235,20200630,3705035,산동면,구미시,구미시 산동면,0,0,1,2,1,11,2,4,C,12,J12111,NPD-24C,0
236,20200630,3705034,해평면,구미시,구미시 해평면,0,0,1,2,1,11,2,5,C,12,J12111,NPD-25C,0
237,20200630,3732040,구천면,의성군,의성군 구천면,0,0,1,2,2,34,1,4,C,10,J12234,NQQ-14C,0
238,20200630,3705033,도개면,구미시,구미시 도개면,0,0,1,2,2,34,2,4,C,14,J12234,NQQ-24C,0
239,20200630,3706033,문수면,영주시,영주시 문수면,0,0,1,2,1,11,1,5,C,12,J12111,NPD-15C,0
240,20200630,3706032,평은면,영주시,영주시 평은면,1,1,1,2,1,11,1,5,C,12,J12111,NPD-15C,0
241,20200630,3706035,안정면,영주시,영주시 안정면,0,0,1,2,1,11,2,4,C,14,J12111,NPD-24C,0
242,20200630,3706011,풍기읍,영주시,영주시 풍기읍,0,0,1,2,2,34,2,4,C,16,J12234,NQQ-24C,"b'\xbc\xd2\xb3\xaa\xb9\xab, \xb3\xab\xbf\xb1\xbc\xdb \xc8\xa5\xc0\xe7'"
243,20200630,3706036,봉현면,영주시,영주시 봉현면,1,1,1,2,2,34,2,4,C,16,J12234,NQQ-24C,"b'\xbc\xd2\xb3\xaa\xb9\xab, \xb3\xab\xbf\xb1\xbc\xdb \xc8\xa5\xc0\xe7'"
244,20200630,3706034,장수면,영주시,영주시 장수면,0,0,2,0,0,82,0,0,0,0,J20082,R,b'2016 \xc5\xe4\xbc\xae\xc3\xa4\xc3\xeb\xb4\xeb\xc0\xe5 \xb9\xdd\xbf\xb5'
245,20200630,3706053,하망동,영주시,영주시 하망동,0,0,1,2,1,11,2,4,C,10,J12111,NPD-24C,b'\xb8\xae\xb1\xe2\xb4\xd9 \xc8\xa5\xc0\xe7'
246,20200630,3706060,휴천2동,영주시,영주시 휴천2동,0,0,1,2,1,11,2,4,C,12,J12111,NPD-24C,0
247,20200630,3706063,가흥2동,영주시,영주시 가흥2동,0,0,1,2,1,11,2,4,C,12,J12111,NPD-24C,0
248,20200630,3706062,가흥1동,영주시,영주시 가흥1동,0,0,1,2,1,11,2,5,C,10,J12111,NPD-25C,0
249,20200630,3706059,휴천1동,영주시,영주시 휴천1동,0,0,1,2,2,34,2,4,C,18,J12234,NQQ-24C,b'2017\xbf\xb5\xbb\xf3\xc6\xc7\xb5\xb6'
250,20200630,3706061,휴천3동,영주시,영주시 휴천3동,0,0,1,2,2,34,2,4,C,18,J12234,NQQ-24C,b'2017\xbf\xb5\xbb\xf3\xc6\xc7\xb5\xb6'
251,20200630,3706055,영주1동,영주시,영주시 영주1동,0,0,1,2,2,34,2,5,C,18,J12234,NQQ-25C,0
252,20200630,3706058,영주2동,영주시,영주시 영주2동,0,0,1,2,3,77,2,4,C,16,J12377,NMM-24C,0
253,20200630,3706037,순흥면,영주시,영주시 순흥면,0,0,1,2,2,34,2,5,C,14,J12234,NQQ-25C,0
254,20200630,3706038,단산면,영주시,영주시 단산면,0,0,1,2,2,34,2,4,C,22,J12234,NQQ-24C,0
255,20200630,3706039,부석면,영주시,영주시 부석면,0,0,1,2,2,34,2,5,C,22,J12234,NQQ-25C,0
256,20200630,3707031,청통면,영천시,영천시 청통면,2,1,1,2,1,11,2,5,C,18,J12111,NPD-25C,0
257,20200630,3707054,완산동,영천시,영천시 완산동,1,1,1,1,1,14,1,3,C,0,J11114,APR-13C,b'\xbc\xf6\xb0\xed\xc3\xf8\xc1\xa4\xba\xd2\xb0\xa1\xc1\xf6\xbf\xaa'
258,20200630,3707039,북안면,영천시,영천시 북안면,0,0,1,1,3,77,0,1,A,0,J11377,AMM-01A,"b'2017\xbb\xe7\xc0\xaf\xb8\xb2_\xc1\xb6\xb8\xb2(\xc0\xda\xc0\xdb\xb3\xaa\xb9\xab,1-1,1-0)(\xc0\xba\xc7\xe0\xb3\xaa\xb9\xab,2-0)(\xbb\xea\xbc\xf6\xc0\xaf,1-1)(\xc8\xa3\xb5\xb5\xb3\xaa\xb9\xab,1-1)'"
259,20200630,3707055,남부동,영천시,영천시 남부동,0,0,1,1,3,77,0,1,A,0,J11377,AMM-01A,"b'2017\xbb\xe7\xc0\xaf\xb8\xb2_\xc1\xb6\xb8\xb2(\xc0\xda\xc0\xdb\xb3\xaa\xb9\xab,1-1,1-0)(\xc0\xba\xc7\xe0\xb3\xaa\xb9\xab,2-0)(\xbb\xea\xbc\xf6\xc0\xaf,1-1)(\xc8\xa3\xb5\xb5\xb3\xaa\xb9\xab,1-1)'"
260,20200630,3707040,대창면,영천시,영천시 대창면,0,0,1,2,1,11,3,6,C,16,J12111,NPD-36C,0
261,20200630,3707011,금호읍,영천시,영천시 금호읍,0,0,1,2,1,11,3,6,C,20,J12111,NPD-36C,0
262,20200630,3707053,서부동,영천시,영천시 서부동,0,0,1,2,1,11,3,6,C,20,J12111,NPD-36C,0
263,20200630,3707051,동부동,영천시,영천시 동부동,0,0,1,2,1,11,2,4,C,12,J12111,NPD-24C,0
264,20200630,3707052,중앙동,영천시,영천시 중앙동,0,0,1,2,1,11,2,4,C,14,J12111,NPD-24C,"b'\xb0\xf5\xbc\xd6,\xb8\xae\xb1\xe2\xb4\xd9 \xc8\xa5\xbb\xfd'"
265,20200630,3707034,화북면,영천시,영천시 화북면,0,0,1,2,2,33,2,5,C,16,J12233,NQV-25C,0
266,20200630,3707035,화남면,영천시,영천시 화남면,0,0,2,0,0,81,0,0,0,0,J20081,N,0
267,20200630,3707036,자양면,영천시,영천시 자양면,0,0,1,1,2,30,0,1,A,0,J11230,AEB-01A,0
268,20200630,3707038,고경면,영천시,영천시 고경면,0,0,1,1,2,31,0,1,A,0,J11231,AQA-01A,"b'\xbb\xf3\xbc\xf6\xb8\xae, \xb3\xab\xbf\xb1\xbc\xdb \xb5\xee \xc1\xb6\xb8\xb2'"
269,20200630,3707037,임고면,영천시,영천시 임고면,0,0,2,0,0,81,0,0,0,0,J20081,N,0
270,20200630,3708038,모동면,상주시,상주시 모동면,0,0,1,2,2,32,1,4,C,16,J12232,NQM-14C,0
271,20200630,3708039,모서면,상주시,상주시 모서면,0,0,1,2,2,32,1,4,C,16,J12232,NQM-14C,0
272,20200630,3708036,외남면,상주시,상주시 외남면,0,0,1,2,1,11,2,4,C,14,J12111,NPD-24C,0
273,20200630,3708035,공성면,상주시,상주시 공성면,0,0,1,2,2,30,2,5,C,12,J12230,NEB-25C,0
274,20200630,3708033,낙동면,상주시,상주시 낙동면,1,1,1,2,2,30,2,5,C,14,J12230,NEB-25C,0
275,20200630,3708034,청리면,상주시,상주시 청리면,0,0,1,2,2,30,2,5,C,14,J12230,NEB-25C,0
276,20200630,3708057,신흥동,상주시,상주시 신흥동,0,0,1,2,2,30,2,5,C,14,J12230,NEB-25C,0
277,20200630,3705031,무을면,구미시,구미시 무을면,2,1,1,2,2,32,2,4,C,12,J12232,NQM-24C,0
278,20200630,3708037,내서면,상주시,상주시 내서면,0,0,1,1,1,10,0,1,A,0,J11110,AEC-01A,"b'2018\xbb\xe7\xc0\xaf\xb8\xb2_\xc1\xb6\xb8\xb2(\xbc\xd2\xb3\xaa\xb9\xab,\xc0\xe3\xb3\xaa\xb9\xab,2-2,2-2-3)'"
279,20200630,3708040,화동면,상주시,상주시 화동면,0,0,1,2,2,34,2,4,C,14,J12234,NQQ-24C,b'2017\xbf\xb5\xbb\xf3\xc6\xc7\xb5\xb6'
280,20200630,3708041,화서면,상주시,상주시 화서면,0,0,2,0,0,82,0,0,0,0,J20082,R,0
281,20200630,3708047,화남면,상주시,상주시 화남면,0,0,2,0,0,82,0,0,0,0,J20082,R,0
282,20200630,3708054,계림동,상주시,상주시 계림동,0,0,1,1,1,14,2,5,C,14,J11114,APR-25C,0
283,20200630,3708045,공검면,상주시,상주시 공검면,0,0,1,2,1,11,1,4,C,12,J12111,NPD-14C,0
284,20200630,3708052,남원동,상주시,상주시 남원동,0,0,1,2,1,11,2,4,C,14,J12111,NPD-24C,0
285,20200630,3708032,중동면,상주시,상주시 중동면,0,0,1,2,1,11,2,4,C,16,J12111,NPD-24C,0
286,20200630,3708043,외서면,상주시,상주시 외서면,0,0,1,2,1,11,2,5,C,12,J12111,NPD-25C,b'2017\xbf\xb5\xbb\xf3\xc6\xc7\xb5\xb6'
287,20200630,3708044,은척면,상주시,상주시 은척면,0,0,1,2,1,11,2,5,C,12,J12111,NPD-25C,b'2017\xbf\xb5\xbb\xf3\xc6\xc7\xb5\xb6'
288,20200630,3708053,북문동,상주시,상주시 북문동,0,0,1,2,2,34,2,4,C,14,J12234,NQQ-24C,0
289,20200630,3708055,동문동,상주시,상주시 동문동,0,0,1,2,2,34,2,5,C,14,J12234,NQQ-25C,0
290,20200630,3708056,동성동,상주시,상주시 동성동,1,1,1,2,2,34,2,5,C,14,J12234,NQQ-25C,0
291,20200630,3708011,함창읍,상주시,상주시 함창읍,0,0,2,0,0,81,0,0,0,0,J20081,N,b'2018\xbb\xe7\xc0\xaf\xb8\xb2_\xb9\xfa\xc3\xa4'
292,20200630,3708048,사벌국면,상주시,상주시 사벌국면,0,0,2,0,0,81,0,0,0,0,J20081,N,b'2018\xbb\xe7\xc0\xaf\xb8\xb2_\xb9\xfa\xc3\xa4'
293,20200630,3708042,화북면,상주시,상주시 화북면,0,0,1,2,1,11,2,4,C,12,J12111,NPD-24C,0
294,20200630,3708046,이안면,상주시,상주시 이안면,0,0,1,2,1,11,1,3,C,10,J12111,NPD-13C,0
295,20200630,3709031,영순면,문경시,문경시 영순면,0,0,1,2,1,11,2,5,C,12,J12111,NPD-25C,0
296,20200630,3709037,농암면,문경시,문경시 농암면,0,0,1,2,2,34,2,5,C,16,J12234,NQQ-25C,0
297,20200630,3709012,가은읍,문경시,문경시 가은읍,0,0,1,2,1,11,2,5,C,14,J12111,NPD-25C,0
298,20200630,3709061,점촌5동,문경시,문경시 점촌5동,0,0,1,1,1,14,2,4,C,16,J11114,APR-24C,b'2017\xbf\xb5\xbb\xf3\xc6\xc7\xb5\xb6'
299,20200630,3709033,호계면,문경시,문경시 호계면,0,0,1,1,2,49,0,1,A,0,J11249,ARP-01A,0
300,20200630,3709057,점촌1동,문경시,문경시 점촌1동,0,0,1,2,1,11,2,4,C,12,J12111,NPD-24C,b'2017\xbf\xb5\xbb\xf3\xc6\xc7\xb5\xb6'
301,20200630,3709059,점촌3동,문경시,문경시 점촌3동,0,0,1,2,1,11,2,4,C,12,J12111,NPD-24C,b'2017\xbf\xb5\xbb\xf3\xc6\xc7\xb5\xb6'
302,20200630,3709058,점촌2동,문경시,문경시 점촌2동,0,0,1,2,2,31,2,4,C,16,J12231,NQA-24C,b'2017\xbf\xb5\xbb\xf3\xc6\xc7\xb5\xb6'
303,20200630,3709036,마성면,문경시,문경시 마성면,0,0,1,2,2,32,1,6,C,12,J12232,NQM-16C,b'2017\xbf\xb5\xbb\xf3\xc6\xc7\xb5\xb6'
304,20200630,3709060,점촌4동,문경시,문경시 점촌4동,0,0,1,2,2,34,2,4,C,14,J12234,NQQ-24C,0
305,20200630,3709011,문경읍,문경시,문경시 문경읍,0,0,1,2,2,32,2,5,C,16,J12232,NQM-25C,0
306,20200630,3709034,산북면,문경시,문경시 산북면,0,0,1,2,2,32,2,5,C,16,J12232,NQM-25C,0
307,20200630,3709032,산양면,문경시,문경시 산양면,0,0,1,2,1,11,2,5,C,14,J12111,NPD-25C,b'2017\xbf\xb5\xbb\xf3\xc6\xc7\xb5\xb6'
308,20200630,3710053,서부1동,경산시,경산시 서부1동,0,0,1,2,1,11,2,4,C,10,J12111,NPD-24C,b'2017\xbf\xb5\xbb\xf3\xc6\xc7\xb5\xb6'
309,20200630,3710054,남부동,경산시,경산시 남부동,0,0,1,2,1,11,2,4,C,12,J12111,NPD-24C,b'2017\xbf\xb5\xbb\xf3\xc6\xc7\xb5\xb6'
310,20200630,3736034,이서면,청도군,청도군 이서면,0,0,1,2,2,30,2,4,C,16,J12230,NEB-24C,b'2017\xbf\xb5\xbb\xf3\xc6\xc7\xb5\xb6'
311,20200630,3710036,남천면,경산시,경산시 남천면,0,0,1,2,2,34,2,4,C,16,J12234,NQQ-24C,0
312,20200630,3710052,동부동,경산시,경산시 동부동,0,0,1,2,1,11,3,5,C,14,J12111,NPD-35C,0
313,20200630,3710032,자인면,경산시,경산시 자인면,0,0,1,2,1,11,3,5,C,16,J12111,NPD-35C,b'\xb8\xae\xb1\xe2\xb4\xd9\xc8\xa5\xbb\xfd'
314,20200630,3710033,용성면,경산시,경산시 용성면,0,0,1,2,1,11,3,5,C,18,J12111,NPD-35C,b'2017\xbf\xb5\xbb\xf3\xc6\xc7\xb5\xb6'
315,20200630,3710057,서부2동,경산시,경산시 서부2동,0,0,1,2,2,30,2,4,C,0,J12230,NEB-24C,0
316,20200630,3710051,중앙동,경산시,경산시 중앙동,0,0,1,2,2,31,2,4,C,16,J12231,NQA-24C,0
317,20200630,3710013,압량읍,경산시,경산시 압량읍,0,0,1,2,1,11,3,5,C,0,J12111,NPD-35C,b'\xbc\xf6\xb0\xed\xc3\xf8\xc1\xa4\xba\xd2\xb0\xa1\xc1\xf6\xbf\xaa'
318,20200630,3710011,하양읍,경산시,경산시 하양읍,0,0,1,2,2,30,1,3,C,10,J12230,NEB-13C,0
319,20200630,3710031,와촌면,경산시,경산시 와촌면,0,0,1,2,2,30,2,5,C,18,J12230,NEB-25C,0
320,20200630,3710012,진량읍,경산시,경산시 진량읍,0,0,1,2,2,33,2,5,C,20,J12233,NQV-25C,0
321,20200630,3710055,북부동,경산시,경산시 북부동,0,0,1,2,3,77,2,4,C,0,J12377,NMM-24C,b'\xbc\xf6\xb0\xed\xc3\xf8\xc1\xa4\xba\xd2\xb0\xa1\xc1\xf6\xbf\xaa'
322,20200630,3811152,팔룡동,창원시 의창구,창원시 의창구 팔룡동,0,0,1,2,1,11,2,4,C,0,J12111,NPD-24C,b'\xbc\xf6\xb0\xed\xc3\xf8\xc1\xa4\xba\xd2\xb0\xa1\xc1\xf6\xbf\xaa'
323,20200630,3811252,중앙동,창원시 성산구,창원시 성산구 중앙동,0,0,1,2,1,11,2,5,C,18,J12111,NPD-25C,0
324,20200630,3811155,용지동,창원시 의창구,창원시 의창구 용지동,0,0,1,2,1,15,2,4,C,14,J12115,NPT-24C,0
325,20200630,3811153,명곡동,창원시 의창구,창원시 의창구 명곡동,0,0,1,2,2,30,2,4,C,0,J12230,NEB-24C,b'\xbc\xf6\xb0\xed\xc3\xf8\xc1\xa4\xba\xd2\xb0\xa1\xc1\xf6\xbf\xaa'
326,20200630,3811461,구암2동,창원시 마산회원구,창원시 마산회원구 구암2동,0,0,1,2,2,30,2,5,C,16,J12230,NEB-25C,0
327,20200630,3811154,봉림동,창원시 의창구,창원시 의창구 봉림동,5,1,1,2,3,77,2,5,C,0,J12377,NMM-25C,b'\xbc\xf6\xb0\xed\xc3\xf8\xc1\xa4\xba\xd2\xb0\xa1\xc1\xf6\xbf\xaa'
328,20200630,3811111,동읍,창원시 의창구,창원시 의창구 동읍,2,1,1,2,1,11,2,4,C,12,J12111,NPD-24C,0
329,20200630,3811131,북면,창원시 의창구,창원시 의창구 북면,6,1,1,2,1,11,2,4,C,12,J12111,NPD-24C,b'\xc7\xd8\xbc\xdb\xc8\xa5\xbb\xfd'
330,20200630,3811151,의창동,창원시 의창구,창원시 의창구 의창동,0,0,1,2,2,34,2,4,C,14,J12234,NQQ-24C,0
331,20200630,3811132,대산면,창원시 의창구,창원시 의창구 대산면,0,0,1,2,1,11,2,4,C,12,J12111,NPD-24C,0
332,20200630,3811257,웅남동,창원시 성산구,창원시 성산구 웅남동,1,1,1,2,1,11,2,4,C,12,J12111,NPD-24C,0
333,20200630,3811255,가음정동,창원시 성산구,창원시 성산구 가음정동,0,0,1,2,1,15,2,4,C,16,J12115,NPT-24C,0
334,20200630,3811253,상남동,창원시 성산구,창원시 성산구 상남동,0,0,1,2,1,15,2,5,C,16,J12115,NPT-25C,0
335,20200630,3811251,반송동,창원시 성산구,창원시 성산구 반송동,0,0,1,2,3,77,2,5,C,12,J12377,NMM-25C,0
336,20200630,3811333,진북면,창원시 마산합포구,창원시 마산합포구 진북면,0,0,1,2,1,11,2,4,C,12,J12111,NPD-24C,0
337,20200630,3811332,진동면,창원시 마산합포구,창원시 마산합포구 진동면,0,0,1,2,1,15,2,4,C,12,J12115,NPT-24C,b'\xc7\xf6\xc0\xe5'
338,20200630,3834040,회화면,고성군,고성군 회화면,3,1,1,2,2,34,2,4,C,20,J12234,NQQ-24C,0
339,20200630,3811367,오동동,창원시 마산합포구,창원시 마산합포구 오동동,0,0,1,1,2,49,2,4,C,18,J11249,ARP-24C,0
340,20200630,3811352,가포동,창원시 마산합포구,창원시 마산합포구 가포동,0,0,1,2,1,11,2,4,C,14,J12111,NPD-24C,0
341,20200630,3811351,현동,창원시 마산합포구,창원시 마산합포구 현동,0,0,1,2,1,15,2,4,C,14,J12115,NPT-24C,b'\xc7\xf6\xc0\xe5'
342,20200630,3811331,구산면,창원시 마산합포구,창원시 마산합포구 구산면,2,1,1,2,1,15,2,5,C,14,J12115,NPT-25C,0
343,20200630,3811358,자산동,창원시 마산합포구,창원시 마산합포구 자산동,1,1,1,2,1,15,2,5,C,18,J12115,NPT-25C,0
344,20200630,3811368,교방동,창원시 마산합포구,창원시 마산합포구 교방동,0,0,1,2,1,15,2,5,C,18,J12115,NPT-25C,0
345,20200630,3811452,회원2동,창원시 마산회원구,창원시 마산회원구 회원2동,0,0,1,2,1,15,2,5,C,18,J12115,NPT-25C,0
346,20200630,3811353,월영동,창원시 마산합포구,창원시 마산합포구 월영동,0,0,1,2,2,34,2,4,C,14,J12234,NQQ-24C,0
347,20200630,3811354,문화동,창원시 마산합포구,창원시 마산합포구 문화동,0,0,1,2,2,34,2,4,C,14,J12234,NQQ-24C,0
348,20200630,3811357,완월동,창원시 마산합포구,창원시 마산합포구 완월동,1,1,1,2,2,34,2,4,C,14,J12234,NQQ-24C,0
349,20200630,3811366,반월중앙동,창원시 마산합포구,창원시 마산합포구 반월중앙동,0,0,1,2,2,34,2,4,C,14,J12234,NQQ-24C,0
350,20200630,3811364,합포동,창원시 마산합포구,창원시 마산합포구 합포동,0,0,1,2,3,77,2,4,C,18,J12377,NMM-24C,0
351,20200630,3811365,산호동,창원시 마산합포구,창원시 마산합포구 산호동,0,0,1,2,3,77,2,4,C,18,J12377,NMM-24C,0
352,20200630,3811455,회성동,창원시 마산회원구,창원시 마산회원구 회성동,1,1,1,2,1,11,1,3,C,12,J12111,NPD-13C,0
353,20200630,3811459,합성2동,창원시 마산회원구,창원시 마산회원구 합성2동,0,0,1,2,1,11,2,4,C,10,J12111,NPD-24C,0
354,20200630,3811460,구암1동,창원시 마산회원구,창원시 마산회원구 구암1동,0,0,1,2,1,11,2,4,C,14,J12111,NPD-24C,0
355,20200630,3811411,내서읍,창원시 마산회원구,창원시 마산회원구 내서읍,4,1,1,2,1,11,2,4,C,14,J12111,NPD-24C,"b'\xb8\xae\xb1\xe2\xb4\xd9,\xc7\xd8\xbc\xdb \xc8\xa5\xbb\xfd'"
356,20200630,3811458,합성1동,창원시 마산회원구,창원시 마산회원구 합성1동,0,0,1,2,1,11,2,4,C,16,J12111,NPD-24C,0
357,20200630,3811462,봉암동,창원시 마산회원구,창원시 마산회원구 봉암동,0,0,1,2,1,15,2,4,C,16,J12115,NPT-24C,0
358,20200630,3811463,석전동,창원시 마산회원구,창원시 마산회원구 석전동,0,0,1,2,2,30,2,4,C,14,J12230,NEB-24C,0
359,20200630,3811451,회원1동,창원시 마산회원구,창원시 마산회원구 회원1동,0,0,1,2,2,30,2,4,C,16,J12230,NEB-24C,0
360,20200630,3811456,양덕1동,창원시 마산회원구,창원시 마산회원구 양덕1동,0,0,1,2,2,34,2,4,C,14,J12234,NQQ-24C,0
361,20200630,3811457,양덕2동,창원시 마산회원구,창원시 마산회원구 양덕2동,0,0,1,2,2,34,2,4,C,16,J12234,NQQ-24C,0
362,20200630,3811556,경화동,창원시 진해구,창원시 진해구 경화동,0,0,1,1,1,17,1,2,C,6,J11117,ACP-12C,0
363,20200630,3811554,여좌동,창원시 진해구,창원시 진해구 여좌동,0,0,1,1,1,17,1,3,C,12,J11117,ACP-13C,0
364,20200630,3811558,석동,창원시 진해구,창원시 진해구 석동,0,0,1,1,1,17,2,4,C,14,J11117,ACP-24C,0
365,20200630,3811555,태백동,창원시 진해구,창원시 진해구 태백동,0,0,1,2,1,11,2,5,B,14,J12111,NPD-25B,0
366,20200630,3811566,충무동,창원시 진해구,창원시 진해구 충무동,0,0,1,2,2,30,2,4,C,14,J12230,NEB-24C,0
367,20200630,3811557,병암동,창원시 진해구,창원시 진해구 병암동,0,0,1,2,2,30,2,4,C,16,J12230,NEB-24C,0
368,20200630,3811565,웅동2동,창원시 진해구,창원시 진해구 웅동2동,1,1,1,2,1,15,1,4,C,10,J12115,NPT-14C,0
369,20200630,3811560,자은동,창원시 진해구,창원시 진해구 자은동,0,0,1,2,2,30,2,5,C,14,J12230,NEB-25C,0
370,20200630,3811563,웅천동,창원시 진해구,창원시 진해구 웅천동,0,0,1,2,2,30,2,5,C,14,J12230,NEB-25C,0
371,20200630,3811561,덕산동,창원시 진해구,창원시 진해구 덕산동,0,0,1,2,2,34,2,5,C,10,J12234,NQQ-25C,0
372,20200630,3811562,풍호동,창원시 진해구,창원시 진해구 풍호동,0,0,1,2,2,34,2,5,C,10,J12234,NQQ-25C,0
373,20200630,3811564,웅동1동,창원시 진해구,창원시 진해구 웅동1동,0,0,1,2,2,34,2,5,C,14,J12234,NQQ-25C,0
374,20200630,3803044,대평면,진주시,진주시 대평면,0,0,1,2,1,11,1,3,C,16,J12111,NPD-13C,b'2017\xbf\xb5\xbb\xf3\xc6\xc7\xb5\xb6'
375,20200630,3803011,문산읍,진주시,진주시 문산읍,1,1,1,2,1,11,1,3,C,10,J12111,NPD-13C,0
376,20200630,3803034,진성면,진주시,진주시 진성면,1,1,1,2,1,11,1,3,C,10,J12111,NPD-13C,0
377,20200630,3803041,집현면,진주시,진주시 집현면,0,0,1,2,1,11,2,4,C,8,J12111,NPD-24C,0
378,20200630,3834037,영오면,고성군,고성군 영오면,1,1,1,2,1,11,2,4,C,14,J12111,NPD-24C,0
379,20200630,3803039,대곡면,진주시,진주시 대곡면,0,0,1,2,1,11,2,5,C,12,J12111,NPD-25C,0
380,20200630,3803037,사봉면,진주시,진주시 사봉면,0,0,1,2,1,11,2,5,C,12,J12111,NPD-25C,0
381,20200630,3803075,상봉동,진주시,진주시 상봉동,1,1,1,2,1,15,2,4,C,10,J12115,NPT-24C,0
382,20200630,3803069,이현동,진주시,진주시 이현동,0,0,1,2,1,15,2,4,C,10,J12115,NPT-24C,0
383,20200630,3803074,중앙동,진주시,진주시 중앙동,0,0,1,2,1,15,2,4,C,10,J12115,NPT-24C,0
384,20200630,3803077,상대동,진주시,진주시 상대동,0,0,1,2,1,15,2,4,C,10,J12115,NPT-24C,0
385,20200630,3803067,평거동,진주시,진주시 평거동,0,0,1,2,1,15,2,4,C,12,J12115,NPT-24C,0
386,20200630,3803070,판문동,진주시,진주시 판문동,1,1,1,2,1,15,2,4,C,12,J12115,NPT-24C,0
387,20200630,3803078,하대동,진주시,진주시 하대동,0,0,1,2,1,15,2,4,C,12,J12115,NPT-24C,0
388,20200630,3803066,초장동,진주시,진주시 초장동,1,1,1,2,1,15,2,4,C,12,J12115,NPT-24C,0
389,20200630,3803071,가호동,진주시,진주시 가호동,0,0,1,2,1,15,2,4,C,12,J12115,NPT-24C,0
390,20200630,3803072,천전동,진주시,진주시 천전동,0,0,1,2,1,15,2,4,C,12,J12115,NPT-24C,b'\xb9\xa6\xc1\xf6'
391,20200630,3803032,정촌면,진주시,진주시 정촌면,0,0,1,2,1,15,2,5,C,10,J12115,NPT-25C,0
392,20200630,3803076,충무공동,진주시,진주시 충무공동,0,0,1,2,2,30,1,3,C,10,J12230,NEB-13C,0
393,20200630,3803040,금산면,진주시,진주시 금산면,2,1,1,2,2,34,1,3,C,0,J12234,NQQ-13C,b'\xbc\xf6\xb0\xed\xc3\xf8\xc1\xa4\xba\xd2\xb0\xa1\xc1\xf6\xbf\xaa'
394,20200630,3803073,성북동,진주시,진주시 성북동,0,0,1,2,4,78,0,0,0,0,J12478,NBB,0
395,20200630,3803042,미천면,진주시,진주시 미천면,2,1,1,2,1,11,1,4,C,10,J12111,NPD-14C,0
396,20200630,3837039,생비량면,산청군,산청군 생비량면,2,1,1,2,1,11,1,4,C,10,J12111,NPD-14C,0
397,20200630,3803035,일반성면,진주시,진주시 일반성면,0,0,1,2,1,11,2,4,C,12,J12111,NPD-24C,b'\xc7\xf6\xc0\xe5'
398,20200630,3803036,이반성면,진주시,진주시 이반성면,0,0,1,2,1,11,2,5,C,12,J12111,NPD-25C,0
399,20200630,3811334,진전면,창원시 마산합포구,창원시 마산합포구 진전면,2,1,1,2,1,11,2,5,C,12,J12111,NPD-25C,0
400,20200630,3805034,욕지면,통영시,통영시 욕지면,0,0,1,2,2,30,2,4,C,10,J12230,NEB-24C,0
401,20200630,3805036,사량면,통영시,통영시 사량면,0,0,1,2,2,30,2,4,C,14,J12230,NEB-24C,0
402,20200630,3805033,광도면,통영시,통영시 광도면,3,1,1,1,1,15,0,1,A,0,J11115,APT-01A,0
403,20200630,3805055,북신동,통영시,통영시 북신동,0,0,1,1,1,17,1,3,C,16,J11117,ACP-13C,0
404,20200630,3805056,무전동,통영시,통영시 무전동,0,0,1,2,1,11,2,4,C,18,J12111,NPD-24C,b'\xb0\xf5\xbc\xd6 \xc8\xa5\xc0\xe7'
405,20200630,3805032,도산면,통영시,통영시 도산면,6,1,1,2,1,11,2,4,C,18,J12111,NPD-24C,0
406,20200630,3805031,용남면,통영시,통영시 용남면,2,1,1,2,1,15,2,4,C,12,J12115,NPT-24C,0
407,20200630,3805062,도천동,통영시,통영시 도천동,0,0,1,2,1,15,2,4,C,14,J12115,NPT-24C,0
408,20200630,3805054,정량동,통영시,통영시 정량동,1,1,1,2,1,15,2,4,C,14,J12115,NPT-24C,b'\xc7\xf6\xc0\xe5'
409,20200630,3805011,산양읍,통영시,통영시 산양읍,3,1,1,2,1,15,2,4,C,16,J12115,NPT-24C,0
410,20200630,3805063,미수동,통영시,통영시 미수동,1,1,1,2,1,15,2,4,C,16,J12115,NPT-24C,0
411,20200630,3805064,봉평동,통영시,통영시 봉평동,0,0,1,2,1,15,2,4,C,18,J12115,NPT-24C,0
412,20200630,3805035,한산면,통영시,통영시 한산면,0,0,1,2,1,15,2,4,C,20,J12115,NPT-24C,b'2017\xbf\xb5\xbb\xf3\xc6\xc7\xb5\xb6'
413,20200630,3805052,명정동,통영시,통영시 명정동,0,0,1,2,1,15,2,5,C,16,J12115,NPT-25C,0
414,20200630,3805053,중앙동,통영시,통영시 중앙동,0,0,2,0,0,81,0,0,0,0,J20081,N,0
415,20200630,3803033,금곡면,진주시,진주시 금곡면,1,1,1,2,1,11,2,4,C,14,J12111,NPD-24C,0
416,20200630,3806035,곤양면,사천시,사천시 곤양면,2,1,1,2,1,11,2,4,C,16,J12111,NPD-24C,0
417,20200630,3806057,향촌동,사천시,사천시 향촌동,0,0,1,2,1,15,2,4,B,14,J12115,NPT-24B,0
418,20200630,3806051,동서동,사천시,사천시 동서동,0,0,1,2,1,15,2,4,C,10,J12115,NPT-24C,b'2017\xbf\xb5\xbb\xf3\xc6\xc7\xb5\xb6'
419,20200630,3806052,선구동,사천시,사천시 선구동,0,0,1,2,1,15,2,4,C,10,J12115,NPT-24C,b'2017\xbf\xb5\xbb\xf3\xc6\xc7\xb5\xb6'
420,20200630,3806059,남양동,사천시,사천시 남양동,0,0,1,2,1,15,2,4,C,14,J12115,NPT-24C,0
421,20200630,3806032,사남면,사천시,사천시 사남면,0,0,1,2,1,15,2,4,C,14,J12115,NPT-24C,0
422,20200630,3806033,용현면,사천시,사천시 용현면,1,1,1,2,1,15,2,4,C,14,J12115,NPT-24C,0
423,20200630,3806037,서포면,사천시,사천시 서포면,2,1,1,2,1,15,2,4,C,14,J12115,NPT-24C,0
424,20200630,3806031,정동면,사천시,사천시 정동면,0,0,1,2,1,15,2,4,C,14,J12115,NPT-24C,0
425,20200630,3806053,동서금동,사천시,사천시 동서금동,0,0,1,2,1,15,2,5,B,18,J12115,NPT-25B,b'2017\xbf\xb5\xbb\xf3\xc6\xc7\xb5\xb6'
426,20200630,3806011,사천읍,사천시,사천시 사천읍,0,0,1,2,2,30,1,2,C,0,J12230,NEB-12C,b'\xbc\xf6\xb0\xed\xc3\xf8\xc1\xa4\xba\xd2\xb0\xa1\xc1\xf6\xbf\xaa'
427,20200630,3806055,벌용동,사천시,사천시 벌용동,0,0,1,2,3,77,2,4,C,12,J12377,NMM-24C,b'2017\xbf\xb5\xbb\xf3\xc6\xc7\xb5\xb6'
428,20200630,3803031,내동면,진주시,진주시 내동면,1,1,1,2,1,11,1,4,C,10,J12111,NPD-14C,0
429,20200630,3803045,수곡면,진주시,진주시 수곡면,4,1,1,2,1,11,2,4,C,14,J12111,NPD-24C,b'2017\xbf\xb5\xbb\xf3\xc6\xc7\xb5\xb6'
430,20200630,3806036,곤명면,사천시,사천시 곤명면,9,1,1,2,1,11,2,4,C,14,J12111,NPD-24C,b'2017\xbf\xb5\xbb\xf3\xc6\xc7\xb5\xb6'
431,20200630,3806034,축동면,사천시,사천시 축동면,0,0,1,2,1,15,1,2,C,0,J12115,NPT-12C,b'\xbc\xf6\xb0\xed\xc3\xf8\xc1\xa4\xba\xd2\xb0\xa1\xc1\xf6\xbf\xaa'
432,20200630,3807011,진영읍,김해시,김해시 진영읍,0,0,1,2,1,11,2,4,C,14,J12111,NPD-24C,0
433,20200630,3807033,진례면,김해시,김해시 진례면,3,1,1,2,1,11,2,4,C,14,J12111,NPD-24C,0
434,20200630,3811254,사파동,창원시 성산구,창원시 성산구 사파동,1,1,1,2,2,30,2,4,C,14,J12230,NEB-24C,0
435,20200630,3807032,주촌면,김해시,김해시 주촌면,0,0,1,2,1,11,2,4,C,14,J12111,NPD-24C,0
436,20200630,3807054,내외동,김해시,김해시 내외동,0,0,1,2,1,15,2,4,C,16,J12115,NPT-24C,0
437,20200630,3807056,칠산서부동,김해시,김해시 칠산서부동,0,0,1,2,1,15,2,4,C,16,J12115,NPT-24C,0
438,20200630,3807061,장유1동,김해시,김해시 장유1동,1,1,1,2,1,15,2,4,C,16,J12115,NPT-24C,b'2013\xb3\xe2 \xba\xa2\xb3\xaa\xb9\xab \xc0\xcf\xba\xce \xbd\xc4\xc0\xe7'
439,20200630,3807053,부원동,김해시,김해시 부원동,0,0,1,2,1,15,2,5,C,18,J12115,NPT-25C,0
440,20200630,3807058,활천동,김해시,김해시 활천동,0,0,1,2,1,15,2,5,C,18,J12115,NPT-25C,0
441,20200630,3807051,동상동,김해시,김해시 동상동,0,0,1,2,2,30,2,4,C,16,J12230,NEB-24C,0
442,20200630,3807052,회현동,김해시,김해시 회현동,0,0,1,2,2,30,2,6,C,16,J12230,NEB-26C,0
443,20200630,3811256,성주동,창원시 성산구,창원시 성산구 성주동,0,0,1,2,2,34,2,4,C,14,J12234,NQQ-24C,0
444,20200630,3807060,불암동,김해시,김해시 불암동,1,1,1,2,2,34,2,4,C,14,J12234,NQQ-24C,0
445,20200630,3807059,삼안동,김해시,김해시 삼안동,0,0,1,2,2,34,2,4,C,14,J12234,NQQ-24C,0
446,20200630,3807037,대동면,김해시,김해시 대동면,1,1,1,2,2,34,2,4,C,14,J12234,NQQ-24C,0
447,20200630,3807036,상동면,김해시,김해시 상동면,2,1,1,2,2,34,2,4,C,14,J12234,NQQ-24C,0
448,20200630,3807034,한림면,김해시,김해시 한림면,1,1,1,2,2,34,2,4,C,14,J12234,NQQ-24C,0
449,20200630,3807055,북부동,김해시,김해시 북부동,1,1,1,2,2,34,2,4,C,16,J12234,NQQ-24C,0
450,20200630,3807062,장유2동,김해시,김해시 장유2동,1,1,1,2,2,34,2,5,C,0,J12234,NQQ-25C,b'\xbc\xf6\xb0\xed\xc3\xf8\xc1\xa4\xba\xd2\xb0\xa1\xc1\xf6\xbf\xaa'
451,20200630,3807063,장유3동,김해시,김해시 장유3동,0,0,1,2,2,34,2,5,C,16,J12234,NQQ-25C,0
452,20200630,3807035,생림면,김해시,김해시 생림면,2,1,2,0,0,82,0,0,0,0,J20082,R,b'2019\xc5\xe4\xbc\xae\xc3\xa4\xc3\xeb'
453,20200630,3808012,하남읍,밀양시,밀양시 하남읍,0,0,1,2,1,11,2,4,C,14,J12111,NPD-24C,b'\xb0\xf5\xbc\xd6 \xc0\xcf\xba\xce \xc8\xa5\xc0\xe7'
454,20200630,3808037,초동면,밀양시,밀양시 초동면,1,1,1,2,1,11,2,4,C,14,J12111,NPD-24C,b'\xb0\xf5\xbc\xd6 \xc0\xcf\xba\xce \xc8\xa5\xc0\xe7'
455,20200630,3808036,상남면,밀양시,밀양시 상남면,0,0,1,2,1,11,2,4,C,12,J12111,NPD-24C,b'\xb8\xae\xb1\xe2\xb4\xd9 \xc0\xcf\xba\xce \xc8\xa5\xc0\xe7'
456,20200630,3808011,삼랑진읍,밀양시,밀양시 삼랑진읍,0,0,1,2,1,11,2,4,C,14,J12111,NPD-24C,0
457,20200630,3808039,청도면,밀양시,밀양시 청도면,2,1,1,2,1,11,2,4,C,12,J12111,NPD-24C,0
458,20200630,3808031,부북면,밀양시,밀양시 부북면,6,1,1,2,1,11,2,4,C,14,J12111,NPD-24C,0
459,20200630,3808053,교동,밀양시,밀양시 교동,0,0,1,1,1,14,2,4,C,12,J11114,APR-24C,0
460,20200630,3808052,내이동,밀양시,밀양시 내이동,0,0,1,2,1,11,2,4,C,12,J12111,NPD-24C,0
461,20200630,3808055,가곡동,밀양시,밀양시 가곡동,0,0,1,2,1,11,2,4,C,14,J12111,NPD-24C,0
462,20200630,3808051,내일동,밀양시,밀양시 내일동,1,1,1,2,1,11,2,4,C,14,J12111,NPD-24C,b'\xc7\xd8\xbc\xdb \xc8\xa5\xbb\xfd'
463,20200630,3808032,상동면,밀양시,밀양시 상동면,6,1,1,2,1,11,2,4,C,14,J12111,NPD-24C,0
464,20200630,3808054,삼문동,밀양시,밀양시 삼문동,0,0,1,2,1,15,3,5,C,18,J12115,NPT-35C,b'2017\xbf\xb5\xbb\xf3\xc6\xc7\xb5\xb6'
465,20200630,3808033,산외면,밀양시,밀양시 산외면,1,1,1,2,2,34,2,5,C,16,J12234,NQQ-25C,0
466,20200630,3808035,단장면,밀양시,밀양시 단장면,5,1,1,2,2,34,2,5,C,16,J12234,NQQ-25C,0
467,20200630,3808034,산내면,밀양시,밀양시 산내면,0,0,1,2,2,34,2,5,C,16,J12234,NQQ-25C,0
468,20200630,3809033,남부면,거제시,거제시 남부면,0,0,1,2,1,11,2,4,C,10,J12111,NPD-24C,0
469,20200630,3809031,일운면,거제시,거제시 일운면,0,0,1,2,1,15,2,4,C,10,J12115,NPT-24C,0
470,20200630,3809060,수양동,거제시,거제시 수양동,0,0,1,2,1,15,2,4,C,10,J12115,NPT-24C,0
471,20200630,3809032,동부면,거제시,거제시 동부면,0,0,1,2,1,15,2,4,C,12,J12115,NPT-24C,0
472,20200630,3809034,거제면,거제시,거제시 거제면,0,0,1,2,1,15,2,4,C,12,J12115,NPT-24C,0
473,20200630,3809035,둔덕면,거제시,거제시 둔덕면,0,0,1,2,1,15,2,4,C,12,J12115,NPT-24C,0
474,20200630,3809036,사등면,거제시,거제시 사등면,0,0,1,2,1,15,2,4,C,12,J12115,NPT-24C,0
475,20200630,3809039,장목면,거제시,거제시 장목면,0,0,1,2,1,15,2,4,C,12,J12115,NPT-24C,0
476,20200630,3809057,장평동,거제시,거제시 장평동,0,0,1,2,1,15,2,4,C,12,J12115,NPT-24C,0
477,20200630,3809061,장승포동,거제시,거제시 장승포동,0,0,1,2,1,15,2,4,C,16,J12115,NPT-24C,0
478,20200630,3809055,옥포1동,거제시,거제시 옥포1동,0,0,1,2,1,15,2,4,C,20,J12115,NPT-24C,0
479,20200630,3809037,연초면,거제시,거제시 연초면,0,0,1,2,1,15,2,5,C,16,J12115,NPT-25C,0
480,20200630,3809038,하청면,거제시,거제시 하청면,0,0,1,2,1,15,2,5,C,16,J12115,NPT-25C,0
481,20200630,3809054,아주동,거제시,거제시 아주동,0,0,1,2,1,15,2,5,C,16,J12115,NPT-25C,0
482,20200630,3809053,능포동,거제시,거제시 능포동,0,0,1,2,1,15,2,5,C,18,J12115,NPT-25C,0
483,20200630,3809058,고현동,거제시,거제시 고현동,0,0,1,2,2,30,2,4,C,10,J12230,NEB-24C,0
484,20200630,3809056,옥포2동,거제시,거제시 옥포2동,0,0,1,2,2,30,2,4,C,20,J12230,NEB-24C,0
485,20200630,3809059,상문동,거제시,거제시 상문동,0,0,1,2,2,34,2,4,C,10,J12234,NQQ-24C,0
486,20200630,3810012,물금읍,양산시,양산시 물금읍,0,0,1,2,1,15,2,4,C,16,J12115,NPT-24C,0
487,20200630,3810055,소주동,양산시,양산시 소주동,0,0,1,2,2,30,2,5,C,16,J12230,NEB-25C,0
488,20200630,3810052,삼성동,양산시,양산시 삼성동,0,0,1,2,2,30,2,6,C,16,J12230,NEB-26C,0
489,20200630,3810054,서창동,양산시,양산시 서창동,2,1,1,2,2,34,2,4,C,14,J12234,NQQ-24C,0
490,20200630,3810053,강서동,양산시,양산시 강서동,1,1,1,2,2,34,2,4,C,14,J12234,NQQ-24C,0
491,20200630,3810056,평산동,양산시,양산시 평산동,0,0,1,2,2,34,2,4,C,16,J12234,NQQ-24C,0
492,20200630,3810031,동면,양산시,양산시 동면,0,0,1,2,2,34,2,4,C,16,J12234,NQQ-24C,0
493,20200630,3810057,덕계동,양산시,양산시 덕계동,0,0,1,2,2,34,2,4,C,16,J12234,NQQ-24C,0
494,20200630,3810058,중앙동,양산시,양산시 중앙동,0,0,1,2,2,34,2,6,C,16,J12234,NQQ-26C,0
495,20200630,3810032,원동면,양산시,양산시 원동면,3,1,1,2,2,34,2,4,C,14,J12234,NQQ-24C,0
496,20200630,3810033,상북면,양산시,양산시 상북면,2,1,1,2,2,34,2,4,C,14,J12234,NQQ-24C,0
497,20200630,3810034,하북면,양산시,양산시 하북면,8,1,1,2,2,34,2,4,C,14,J12234,NQQ-24C,0
498,20200630,3831033,대의면,의령군,의령군 대의면,0,0,1,2,1,11,2,4,C,10,J12111,NPD-24C,0
499,20200630,3840043,삼가면,합천군,합천군 삼가면,1,1,1,2,1,11,2,4,C,10,J12111,NPD-24C,0
500,20200630,3831011,의령읍,의령군,의령군 의령읍,2,1,1,2,1,11,2,4,C,12,J12111,NPD-24C,0
501,20200630,3831034,화정면,의령군,의령군 화정면,0,0,1,2,1,11,2,4,C,12,J12111,NPD-24C,0
502,20200630,3831031,가례면,의령군,의령군 가례면,0,0,1,2,1,11,2,4,C,12,J12111,NPD-24C,0
503,20200630,3831035,용덕면,의령군,의령군 용덕면,0,0,1,2,1,11,2,4,C,12,J12111,NPD-24C,0
504,20200630,3831032,칠곡면,의령군,의령군 칠곡면,2,1,1,2,1,11,2,4,C,12,J12111,NPD-24C,0
505,20200630,3831041,궁류면,의령군,의령군 궁류면,1,1,1,2,1,11,2,4,C,12,J12111,NPD-24C,0
506,20200630,3831037,지정면,의령군,의령군 지정면,0,0,1,2,1,11,2,4,C,14,J12111,NPD-24C,0
507,20200630,3831036,정곡면,의령군,의령군 정곡면,0,0,1,2,1,11,2,5,C,12,J12111,NPD-25C,0
508,20200630,3831042,유곡면,의령군,의령군 유곡면,0,0,1,2,1,11,2,5,C,12,J12111,NPD-25C,0
509,20200630,3831038,낙서면,의령군,의령군 낙서면,0,0,1,2,1,11,2,4,C,10,J12111,NPD-24C,b'\xb0\xf5\xbc\xd6 \xc8\xa5\xc0\xe7'
510,20200630,3831040,봉수면,의령군,의령군 봉수면,2,1,1,2,1,11,2,4,C,14,J12111,NPD-24C,0
511,20200630,3803038,지수면,진주시,진주시 지수면,0,0,1,2,1,11,2,4,C,14,J12111,NPD-24C,0
512,20200630,3832032,군북면,함안군,함안군 군북면,0,0,1,2,1,11,2,4,C,14,J12111,NPD-24C,0
513,20200630,3832031,함안면,함안군,함안군 함안면,1,1,1,2,1,11,2,4,C,16,J12111,NPD-24C,0
514,20200630,3832039,여항면,함안군,함안군 여항면,6,1,1,2,1,11,2,4,C,16,J12111,NPD-24C,0
515,20200630,3832033,법수면,함안군,함안군 법수면,0,0,1,2,1,11,2,4,C,14,J12111,NPD-24C,0
516,20200630,3832034,대산면,함안군,함안군 대산면,0,0,1,2,1,11,2,4,C,14,J12111,NPD-24C,0
517,20200630,3832038,산인면,함안군,함안군 산인면,0,0,1,2,1,11,2,4,C,14,J12111,NPD-24C,0
518,20200630,3832011,가야읍,함안군,함안군 가야읍,0,0,1,2,1,11,2,5,C,12,J12111,NPD-25C,0
519,20200630,3832035,칠서면,함안군,함안군 칠서면,0,0,1,2,2,30,2,4,C,12,J12230,NEB-24C,0
520,20200630,3832012,칠원읍,함안군,함안군 칠원읍,1,1,1,2,1,11,2,4,C,14,J12111,NPD-24C,0
521,20200630,3832036,칠북면,함안군,함안군 칠북면,1,1,1,2,1,11,2,4,C,14,J12111,NPD-24C,0
522,20200630,3833012,남지읍,창녕군,창녕군 남지읍,0,0,1,2,1,11,2,4,C,10,J12111,NPD-24C,0
523,20200630,3833041,길곡면,창녕군,창녕군 길곡면,1,1,1,2,1,11,2,4,C,12,J12111,NPD-24C,b'\xb0\xf5\xbc\xd6 \xc8\xa5\xc0\xe7'
524,20200630,3833040,도천면,창녕군,창녕군 도천면,1,1,1,2,1,11,2,5,C,16,J12111,NPD-25C,b'\xb0\xf5\xbc\xd6 \xc8\xa5\xc0\xe7'
525,20200630,3833042,부곡면,창녕군,창녕군 부곡면,2,1,1,2,1,11,2,5,C,16,J12111,NPD-25C,b'\xb0\xf5\xbc\xd6 \xc8\xa5\xc0\xe7'
526,20200630,3833036,대지면,창녕군,창녕군 대지면,0,0,1,2,1,11,2,4,C,10,J12111,NPD-24C,0
527,20200630,3833034,이방면,창녕군,창녕군 이방면,0,0,1,2,1,11,2,4,C,10,J12111,NPD-24C,b'2017\xbf\xb5\xbb\xf3\xc6\xc7\xb5\xb6'
528,20200630,3833035,유어면,창녕군,창녕군 유어면,0,0,1,2,1,11,2,4,C,12,J12111,NPD-24C,0
529,20200630,3833033,대합면,창녕군,창녕군 대합면,0,0,1,2,1,11,2,4,C,12,J12111,NPD-24C,0
530,20200630,3833032,성산면,창녕군,창녕군 성산면,1,1,1,2,1,11,2,4,C,14,J12111,NPD-24C,b'2017\xbf\xb5\xbb\xf3\xc6\xc7\xb5\xb6'
531,20200630,3833011,창녕읍,창녕군,창녕군 창녕읍,2,1,1,2,1,11,2,4,C,10,J12111,NPD-24C,0
532,20200630,3833031,고암면,창녕군,창녕군 고암면,2,1,1,2,1,11,2,4,C,14,J12111,NPD-24C,0
533,20200630,3833037,계성면,창녕군,창녕군 계성면,1,1,1,2,1,11,2,4,C,14,J12111,NPD-24C,b'2017\xbf\xb5\xbb\xf3\xc6\xc7\xb5\xb6'
534,20200630,3833039,장마면,창녕군,창녕군 장마면,0,0,1,2,1,11,2,4,C,14,J12111,NPD-24C,b'2017\xbf\xb5\xbb\xf3\xc6\xc7\xb5\xb6'
535,20200630,3808038,무안면,밀양시,밀양시 무안면,6,1,1,2,1,11,2,4,C,14,J12111,NPD-24C,b'2017\xbf\xb5\xbb\xf3\xc6\xc7\xb5\xb6'
536,20200630,3833038,영산면,창녕군,창녕군 영산면,3,1,1,2,1,11,2,4,C,14,J12111,NPD-24C,b'2017\xbf\xb5\xbb\xf3\xc6\xc7\xb5\xb6'
537,20200630,3834034,상리면,고성군,고성군 상리면,1,1,1,2,1,11,2,4,C,14,J12111,NPD-24C,0
538,20200630,3834036,영현면,고성군,고성군 영현면,1,1,1,2,1,11,2,4,C,14,J12111,NPD-24C,0
539,20200630,3834031,삼산면,고성군,고성군 삼산면,2,1,1,2,1,15,2,4,C,12,J12115,NPT-24C,b'2017\xbf\xb5\xbb\xf3\xc6\xc7\xb5\xb6'
540,20200630,3834032,하일면,고성군,고성군 하일면,2,1,1,2,1,15,2,4,C,16,J12115,NPT-24C,0
541,20200630,3834033,하이면,고성군,고성군 하이면,0,0,1,2,1,15,2,4,C,16,J12115,NPT-24C,0
542,20200630,3834038,개천면,고성군,고성군 개천면,1,1,1,2,1,11,2,4,C,14,J12111,NPD-24C,0
543,20200630,3834041,마암면,고성군,고성군 마암면,1,1,1,1,1,14,2,4,C,14,J11114,APR-24C,0
544,20200630,3834011,고성읍,고성군,고성군 고성읍,1,1,1,2,1,11,2,4,C,10,J12111,NPD-24C,b'2017\xbf\xb5\xbb\xf3\xc6\xc7\xb5\xb6'
545,20200630,3834043,거류면,고성군,고성군 거류면,3,1,1,2,1,11,2,4,C,10,J12111,NPD-24C,b'2017\xbf\xb5\xbb\xf3\xc6\xc7\xb5\xb6'
546,20200630,3834035,대가면,고성군,고성군 대가면,2,1,1,2,1,11,2,4,C,12,J12111,NPD-24C,0
547,20200630,3834042,동해면,고성군,고성군 동해면,1,1,1,2,1,15,2,4,C,14,J12115,NPT-24C,b'2017\xbf\xb5\xbb\xf3\xc6\xc7\xb5\xb6'
548,20200630,3834039,구만면,고성군,고성군 구만면,1,1,1,2,1,11,2,4,C,14,J12111,NPD-24C,0
549,20200630,3835033,삼동면,남해군,남해군 삼동면,1,1,1,1,1,17,1,3,C,12,J11117,ACP-13C,0
550,20200630,3835034,미조면,남해군,남해군 미조면,0,0,1,1,1,17,1,3,C,12,J11117,ACP-13C,0
551,20200630,3835011,남해읍,남해군,남해군 남해읍,1,1,1,2,1,15,1,4,C,10,J12115,NPT-14C,0
552,20200630,3835035,남면,남해군,남해군 남면,1,1,1,2,1,15,2,4,C,10,J12115,NPT-24C,0
553,20200630,3835039,창선면,남해군,남해군 창선면,0,0,1,2,1,15,2,4,C,12,J12115,NPT-24C,0
554,20200630,3835038,설천면,남해군,남해군 설천면,1,1,1,2,1,15,2,4,C,12,J12115,NPT-24C,0
555,20200630,3835036,서면,남해군,남해군 서면,1,1,1,2,1,15,2,5,C,12,J12115,NPT-25C,b'2017\xbf\xb5\xbb\xf3\xc6\xc7\xb5\xb6'
556,20200630,3835037,고현면,남해군,남해군 고현면,2,1,1,2,1,15,2,5,C,14,J12115,NPT-25C,0
557,20200630,3835031,이동면,남해군,남해군 이동면,4,1,1,2,2,34,1,5,C,8,J12234,NQQ-15C,0
558,20200630,3835032,상주면,남해군,남해군 상주면,0,0,1,2,2,34,1,5,C,8,J12234,NQQ-15C,0
559,20200630,3836037,금성면,하동군,하동군 금성면,0,0,1,2,1,11,1,3,C,8,J12111,NPD-13C,0
560,20200630,3836039,양보면,하동군,하동군 양보면,3,1,1,2,1,11,2,4,C,12,J12111,NPD-24C,0
561,20200630,3836038,진교면,하동군,하동군 진교면,2,1,1,2,1,11,2,4,C,14,J12111,NPD-24C,0
562,20200630,3836036,금남면,하동군,하동군 금남면,0,0,1,2,1,11,2,5,C,12,J12111,NPD-25C,0
563,20200630,3836035,고전면,하동군,하동군 고전면,4,1,1,2,1,15,2,5,C,12,J12115,NPT-25C,0
564,20200630,3836011,하동읍,하동군,하동군 하동읍,5,1,1,2,1,11,2,5,C,16,J12111,NPD-25C,b'2017\xbf\xb5\xbb\xf3\xc6\xc7\xb5\xb6'
565,20200630,3836033,적량면,하동군,하동군 적량면,3,1,1,2,1,11,2,5,C,16,J12111,NPD-25C,b'2017\xbf\xb5\xbb\xf3\xc6\xc7\xb5\xb6'
566,20200630,3837036,시천면,산청군,산청군 시천면,7,1,1,2,2,34,2,4,C,16,J12234,NQQ-24C,0
567,20200630,3836041,청암면,하동군,하동군 청암면,6,1,1,2,2,34,2,5,C,16,J12234,NQQ-25C,0
568,20200630,3836031,화개면,하동군,하동군 화개면,15,1,1,2,2,34,2,5,C,16,J12234,NQQ-25C,b'2017\xbf\xb5\xbb\xf3\xc6\xc7\xb5\xb6'
569,20200630,3836032,악양면,하동군,하동군 악양면,25,1,1,2,2,34,2,5,C,16,J12234,NQQ-25C,b'2017\xbf\xb5\xbb\xf3\xc6\xc7\xb5\xb6'
570,20200630,3836040,북천면,하동군,하동군 북천면,5,1,1,2,1,11,2,5,C,12,J12111,NPD-25C,b'2017\xbf\xb5\xbb\xf3\xc6\xc7\xb5\xb6'
571,20200630,3836034,횡천면,하동군,하동군 횡천면,0,0,1,2,1,11,2,5,C,14,J12111,NPD-25C,0
572,20200630,3836042,옥종면,하동군,하동군 옥종면,7,1,1,2,2,34,2,5,C,16,J12234,NQQ-25C,0
573,20200630,3837031,차황면,산청군,산청군 차황면,4,1,1,2,1,11,2,4,C,12,J12111,NPD-24C,0
574,20200630,3837033,생초면,산청군,산청군 생초면,5,1,1,2,1,11,2,4,C,12,J12111,NPD-24C,0
575,20200630,3803043,명석면,진주시,진주시 명석면,1,1,1,2,1,11,2,4,C,14,J12111,NPD-24C,b'2017\xbf\xb5\xbb\xf3\xc6\xc7\xb5\xb6'
576,20200630,3837037,단성면,산청군,산청군 단성면,12,1,1,2,2,34,2,5,C,14,J12234,NQQ-25C,0
577,20200630,3837034,금서면,산청군,산청군 금서면,4,1,1,2,2,34,2,5,C,14,J12234,NQQ-25C,b'2017\xbf\xb5\xbb\xf3\xc6\xc7\xb5\xb6'
578,20200630,3837035,삼장면,산청군,산청군 삼장면,2,1,1,2,2,34,2,5,C,14,J12234,NQQ-25C,b'2017\xbf\xb5\xbb\xf3\xc6\xc7\xb5\xb6'
579,20200630,3837011,산청읍,산청군,산청군 산청읍,7,1,1,2,2,34,2,5,C,14,J12234,NQQ-25C,b'2017\xbf\xb5\xbb\xf3\xc6\xc7\xb5\xb6'
580,20200630,3837038,신안면,산청군,산청군 신안면,6,1,1,2,2,34,2,5,C,14,J12234,NQQ-25C,b'2017\xbf\xb5\xbb\xf3\xc6\xc7\xb5\xb6'
581,20200630,3837040,신등면,산청군,산청군 신등면,1,1,1,2,2,34,2,5,C,14,J12234,NQQ-25C,b'2017\xbf\xb5\xbb\xf3\xc6\xc7\xb5\xb6'
582,20200630,3837032,오부면,산청군,산청군 오부면,8,1,1,2,1,11,2,4,C,14,J12111,NPD-24C,0
583,20200630,3838031,마천면,함양군,함양군 마천면,7,1,1,2,1,16,2,7,C,10,J12116,NAH-27C,b'2017\xbf\xb5\xbb\xf3\xc6\xc7\xb5\xb6'
584,20200630,3838011,함양읍,함양군,함양군 함양읍,10,1,1,2,2,30,2,5,C,14,J12230,NEB-25C,b'2017\xbf\xb5\xbb\xf3\xc6\xc7\xb5\xb6'
585,20200630,3838032,휴천면,함양군,함양군 휴천면,8,1,1,2,2,34,2,4,C,14,J12234,NQQ-24C,0
586,20200630,3838033,유림면,함양군,함양군 유림면,3,1,1,2,1,11,2,4,C,12,J12111,NPD-24C,b'2017\xbf\xb5\xbb\xf3\xc6\xc7\xb5\xb6'
587,20200630,3838035,지곡면,함양군,함양군 지곡면,3,1,1,2,2,32,1,4,C,12,J12232,NQM-14C,b'2017\xbf\xb5\xbb\xf3\xc6\xc7\xb5\xb6'
588,20200630,3838040,병곡면,함양군,함양군 병곡면,11,1,1,2,2,32,1,4,C,12,J12232,NQM-14C,b'2017\xbf\xb5\xbb\xf3\xc6\xc7\xb5\xb6'
589,20200630,3838037,서하면,함양군,함양군 서하면,2,1,1,2,2,32,1,4,C,12,J12232,NQM-14C,b'2017\xbf\xb5\xbb\xf3\xc6\xc7\xb5\xb6'
590,20200630,3838039,백전면,함양군,함양군 백전면,2,1,1,2,2,32,1,4,C,12,J12232,NQM-14C,b'2017\xbf\xb5\xbb\xf3\xc6\xc7\xb5\xb6'
591,20200630,3838036,안의면,함양군,함양군 안의면,13,1,1,2,2,32,1,4,C,16,J12232,NQM-14C,b'2017\xbf\xb5\xbb\xf3\xc6\xc7\xb5\xb6'
592,20200630,3838038,서상면,함양군,함양군 서상면,1,1,1,2,2,32,1,4,C,16,J12232,NQM-14C,b'2017\xbf\xb5\xbb\xf3\xc6\xc7\xb5\xb6'
593,20200630,3839034,북상면,거창군,거창군 북상면,1,1,1,2,2,32,1,4,C,16,J12232,NQM-14C,b'2017\xbf\xb5\xbb\xf3\xc6\xc7\xb5\xb6'
594,20200630,3838034,수동면,함양군,함양군 수동면,5,1,1,2,3,77,2,4,C,10,J12377,NMM-24C,b'2017\xbf\xb5\xbb\xf3\xc6\xc7\xb5\xb6'
595,20200630,3839037,남상면,거창군,거창군 남상면,17,1,1,2,1,11,1,3,C,8,J12111,NPD-13C,b'2017\xbf\xb5\xbb\xf3\xc6\xc7\xb5\xb6'
596,20200630,3839039,신원면,거창군,거창군 신원면,15,1,2,0,0,81,0,0,0,0,J20081,N,b'2017\xbb\xe7\xc0\xaf\xb8\xb2_\xb9\xfa\xc3\xa4'
597,20200630,3839040,가조면,거창군,거창군 가조면,2,1,1,2,1,11,2,4,C,8,J12111,NPD-24C,0
598,20200630,3839041,가북면,거창군,거창군 가북면,4,1,1,2,1,11,2,4,C,12,J12111,NPD-24C,b'2017\xbf\xb5\xbb\xf3\xc6\xc7\xb5\xb6'
599,20200630,3839032,웅양면,거창군,거창군 웅양면,4,1,1,2,1,11,2,4,C,12,J12111,NPD-24C,0
600,20200630,3839035,위천면,거창군,거창군 위천면,0,0,1,2,1,11,2,4,C,14,J12111,NPD-24C,b'2017\xbf\xb5\xbb\xf3\xc6\xc7\xb5\xb6'
601,20200630,3839036,마리면,거창군,거창군 마리면,1,1,1,2,1,11,2,4,C,16,J12111,NPD-24C,b'2017\xbf\xb5\xbb\xf3\xc6\xc7\xb5\xb6'
602,20200630,3839011,거창읍,거창군,거창군 거창읍,2,1,1,2,1,11,2,4,C,16,J12111,NPD-24C,b'2017\xbf\xb5\xbb\xf3\xc6\xc7\xb5\xb6'
603,20200630,3839031,주상면,거창군,거창군 주상면,0,0,1,2,1,11,2,4,C,16,J12111,NPD-24C,b'2017\xbf\xb5\xbb\xf3\xc6\xc7\xb5\xb6'
604,20200630,3839038,남하면,거창군,거창군 남하면,4,1,2,0,0,81,0,0,0,0,J20081,N,b'2018\xbb\xe7\xc0\xaf\xb8\xb2_\xb9\xfa\xc3\xa4'
605,20200630,3839033,고제면,거창군,거창군 고제면,3,1,1,2,2,34,2,4,C,14,J12234,NQQ-24C,b'2017\xbf\xb5\xbb\xf3\xc6\xc7\xb5\xb6'
606,20200630,3840044,가회면,합천군,합천군 가회면,5,1,1,1,3,77,0,1,A,0,J11377,AMM-01A,0
607,20200630,3840045,대병면,합천군,합천군 대병면,2,1,1,2,2,30,2,4,C,12,J12230,NEB-24C,0
608,20200630,3840046,용주면,합천군,합천군 용주면,5,1,1,2,1,11,2,4,C,10,J12111,NPD-24C,0
609,20200630,3831039,부림면,의령군,의령군 부림면,0,0,1,2,1,11,2,4,C,12,J12111,NPD-24C,0
610,20200630,3840036,초계면,합천군,합천군 초계면,1,1,1,2,1,11,2,4,C,12,J12111,NPD-24C,0
611,20200630,3840040,적중면,합천군,합천군 적중면,0,0,1,2,1,11,2,4,C,12,J12111,NPD-24C,0
612,20200630,3840041,대양면,합천군,합천군 대양면,2,1,1,2,1,11,2,4,C,12,J12111,NPD-24C,0
613,20200630,3840042,쌍백면,합천군,합천군 쌍백면,3,1,1,2,1,11,2,4,C,12,J12111,NPD-24C,0
614,20200630,3840011,합천읍,합천군,합천군 합천읍,5,1,1,2,1,11,2,4,C,16,J12111,NPD-24C,0
615,20200630,3840035,율곡면,합천군,합천군 율곡면,2,1,1,2,1,11,2,4,C,16,J12111,NPD-24C,0
616,20200630,3840031,봉산면,합천군,합천군 봉산면,7,1,1,2,1,11,2,4,C,14,J12111,NPD-24C,0
617,20200630,3737031,덕곡면,고령군,고령군 덕곡면,8,1,1,2,1,11,2,5,C,12,J12111,NPD-25C,0
618,20200630,3738033,수륜면,성주군,성주군 수륜면,10,1,1,2,1,11,2,5,C,12,J12111,NPD-25C,0
619,20200630,3840033,가야면,합천군,합천군 가야면,2,1,1,2,1,11,2,5,C,12,J12111,NPD-25C,0
620,20200630,3840034,야로면,합천군,합천군 야로면,8,1,1,2,1,11,2,5,C,12,J12111,NPD-25C,0
621,20200630,3840032,묘산면,합천군,합천군 묘산면,6,1,1,2,2,34,2,5,C,12,J12234,NQQ-25C,0
622,20200630,3840038,덕곡면,합천군,합천군 덕곡면,0,0,1,2,1,11,2,4,C,12,J12111,NPD-24C,0
623,20200630,3840039,청덕면,합천군,합천군 청덕면,3,1,1,2,1,11,2,4,C,12,J12111,NPD-24C,0
624,20200630,3840037,쌍책면,합천군,합천군 쌍책면,1,1,1,2,1,11,2,4,C,14,J12111,NPD-24C,0
625,20200630,3701160,상대동,포항시 남구,포항시 남구 상대동,0,0,0,0,0,0,0,0,0,0,0,0,0
626,20200630,3701161,해도동,포항시 남구,포항시 남구 해도동,0,0,0,0,0,0,0,0,0,0,0,0,0
627,20200630,3701268,죽도동,포항시 북구,포항시 북구 죽도동,0,0,0,0,0,0,0,0,0,0,0,0,0
628,20200630,3702051,중부동,경주시,경주시 중부동,0,0,0,0,0,0,0,0,0,0,0,0,0
629,20200630,3702068,황오동,경주시,경주시 황오동,0,0,0,0,0,0,0,0,0,0,0,0,0
630,20200630,3705053,원평2동,구미시,구미시 원평2동,0,0,0,0,0,0,0,0,0,0,0,0,0
631,20200630,3705065,공단2동,구미시,구미시 공단2동,0,0,0,0,0,0,0,0,0,0,0,0,0
632,20200630,3710056,중방동,경산시,경산시 중방동,0,0,0,0,0,0,0,0,0,0,0,0,0
633,20200630,3803065,상평동,진주시,진주시 상평동,0,0,0,0,0,0,0,0,0,0,0,0,0
634,20200630,3803068,신안동,진주시,진주시 신안동,0,0,0,0,0,0,0,0,0,0,0,0,0
635,20200630,3810059,양주동,양산시,양산시 양주동,0,0,0,0,0,0,0,0,0,0,0,0,0
636,20200630,3811559,이동,창원시 진해구,창원시 진해구 이동,0,0,0,0,0,0,0,0,0,0,0,0,0
